<?xml version="1.0" encoding="utf-8"?>
<!--/13920271/1753220/2.50/12/4/Transformer/-->
<quadcept_library>
  <setting unit="mil" />
  <textstyle name="Default" height="47.244094488189" strokewidth="7.8740157480315" charwidth="47.244094488189" />
  <textstyle name="Dimension" height="19.6850393700787" strokewidth="0" charwidth="19.6850393700787" />
  <textstyle name="H127W0635TH00762" height="50" strokewidth="3" charwidth="25" />
  <textstyle name="H15W15TH02" height="59.0551181102362" strokewidth="7.8740157480315" charwidth="59.0551181102362" />
  <padstyle name="c165_h110" surface="False" plated="True" isvia="False" nopaste="True" nomask="True" complex="False" holesize="43.307086614173">
    <padshape layer="TOP" shape="round" width="64.960629921259" height="64.960629921259" />
    <padshape layer="TOP_SOLDER_MASK" shape="round" width="72.83464566929" height="72.83464566929" />
    <padshape layer="INNER" shape="round" width="64.960629921259" height="64.960629921259" />
    <padshape layer="BOTTOM" shape="round" width="64.960629921259" height="64.960629921259" />
    <padshape layer="BOTTOM_SOLDER_MASK" shape="round" width="72.83464566929" height="72.83464566929" />
  </padstyle>
  <footprint name="11328T074" originx="0" originy="0" pickpointx="0" pickpointy="0">
    <pcbpin number="1" name="1" style="c165_h110" originx="0" originy="0" rotation="90" />
    <pcbpin number="2" name="2" style="c165_h110" originx="0" originy="150" rotation="90" />
    <pcbpin number="3" name="3" style="c165_h110" originx="0" originy="300" rotation="90" />
    <pcbpin number="4" name="4" style="c165_h110" originx="0" originy="599.99999999999" rotation="90" />
    <pcbpin number="5" name="5" style="c165_h110" originx="0" originy="749.99999999999" rotation="90" />
    <pcbpin number="6" name="6" style="c165_h110" originx="0" originy="899.99999999999" rotation="90" />
    <pcbpin number="7" name="7" style="c165_h110" originx="-999.99999999999" originy="899.99999999999" rotation="90" />
    <pcbpin number="8" name="8" style="c165_h110" originx="-999.99999999999" originy="749.99999999999" rotation="90" />
    <pcbpin number="9" name="9" style="c165_h110" originx="-999.99999999999" originy="599.99999999999" rotation="90" />
    <pcbpin number="10" name="10" style="c165_h110" originx="-999.99999999999" originy="300" rotation="90" />
    <pcbpin number="11" name="11" style="c165_h110" originx="-999.99999999999" originy="150" rotation="90" />
    <pcbpin number="12" name="12" style="c165_h110" originx="-999.99999999999" originy="0" rotation="90" />
    <line layer="TOP_ASSEMBLY" originx="-1110.2362204724" originy="1001.1811023622" endx="110.23622047244" endy="1001.1811023622" width="3.9370078740157" />
    <line layer="TOP_ASSEMBLY" originx="110.23622047244" originy="1001.1811023622" endx="110.23622047244" endy="-101.1811023622" width="3.9370078740157" />
    <line layer="TOP_ASSEMBLY" originx="110.23622047244" originy="-101.1811023622" endx="-1110.2362204724" endy="-101.1811023622" width="3.9370078740157" />
    <line layer="TOP_ASSEMBLY" originx="-1110.2362204724" originy="-101.1811023622" endx="-1110.2362204724" endy="1001.1811023622" width="3.9370078740157" />
    <line layer="TOP_SILKSCREEN" originx="-1110.2362204724" originy="1001.1811023622" endx="110.23622047244" endy="1001.1811023622" width="7.8740157480314" />
    <line layer="TOP_SILKSCREEN" originx="110.23622047244" originy="1001.1811023622" endx="110.23622047244" endy="-101.1811023622" width="7.8740157480314" />
    <line layer="TOP_SILKSCREEN" originx="110.23622047244" originy="-101.1811023622" endx="-1110.2362204724" endy="-101.1811023622" width="7.8740157480314" />
    <line layer="TOP_SILKSCREEN" originx="-1110.2362204724" originy="-101.1811023622" endx="-1110.2362204724" endy="1001.1811023622" width="7.8740157480314" />
    <line layer="TOP_PLACE_BOUND" originx="-1149.6062992126" originy="1040.5511811023" endx="149.6062992126" endy="1040.5511811023" width="3.9370078740157" />
    <line layer="TOP_PLACE_BOUND" originx="149.6062992126" originy="1040.5511811023" endx="149.6062992126" endy="-140.55118110236" width="3.9370078740157" />
    <line layer="TOP_PLACE_BOUND" originx="149.6062992126" originy="-140.55118110236" endx="-1149.6062992126" endy="-140.55118110236" width="3.9370078740157" />
    <line layer="TOP_PLACE_BOUND" originx="-1149.6062992126" originy="-140.55118110236" endx="-1149.6062992126" endy="1040.5511811023" width="3.9370078740157" />
    <line layer="TOP_SILKSCREEN" originx="129.92125984252" originy="-3.9370078740157" endx="129.92125984252" endy="-3.9370078740157" width="3.9370078740157" />
    <arc layer="TOP_SILKSCREEN" originx="129.92125984252" originy="-1.9291338582677" startangle="-90.0" sweepangle="180.0" radius="2.007874015748" width="3.9370078740157" />
    <line layer="TOP_SILKSCREEN" originx="129.92125984252" originy="0.078740157480314" endx="129.92125984252" endy="0.078740157480314" width="3.9370078740157" />
    <arc layer="TOP_SILKSCREEN" originx="129.92125984252" originy="-1.9291338582677" startangle="90.0" sweepangle="180.0" radius="2.007874015748" width="3.9370078740157" />
  </footprint>
  <symbol name="11328-T074" originx="0" originy="0">
    <line originx="200" originy="100" endx="1400" endy="100" width="0" />
    <line originx="1400" originy="-600" endx="1400" endy="100" width="0" />
    <line originx="1400" originy="-600" endx="200" endy="-600" width="0" />
    <line originx="200" originy="100" endx="200" endy="-600" width="0" />
    <sympin number="1" originx="1400" originy="-500" rotation="0" length="100" width="7.8740157480315" flipped="False">
      <text name="pinname" originx="1370" originy="-500" style="Default" rotation="0" justify="right" flipped="False" hidden="False" data="PRI_NP_1" />
      <text name="pindes" originx="1460" originy="-480" style="Default" rotation="0" justify="lowerleft" flipped="False" hidden="False" data="1" />
    </sympin>
    <sympin number="2" originx="1400" originy="-400" rotation="0" length="100" width="7.8740157480315" flipped="False">
      <text name="pinname" originx="1370" originy="-400" style="Default" rotation="0" justify="right" flipped="False" hidden="False" data="NC_1" />
      <text name="pindes" originx="1460" originy="-380" style="Default" rotation="0" justify="lowerleft" flipped="False" hidden="False" data="2" />
    </sympin>
    <sympin number="3" originx="1400" originy="-300" rotation="0" length="100" width="7.8740157480315" flipped="False">
      <text name="pinname" originx="1370" originy="-300" style="Default" rotation="0" justify="right" flipped="False" hidden="False" data="PRI_NP_2" />
      <text name="pindes" originx="1460" originy="-280" style="Default" rotation="0" justify="lowerleft" flipped="False" hidden="False" data="3" />
    </sympin>
    <sympin number="4" originx="1400" originy="-200" rotation="0" length="100" width="7.8740157480315" flipped="False">
      <text name="pinname" originx="1370" originy="-200" style="Default" rotation="0" justify="right" flipped="False" hidden="False" data="NC_2" />
      <text name="pindes" originx="1460" originy="-180" style="Default" rotation="0" justify="lowerleft" flipped="False" hidden="False" data="4" />
    </sympin>
    <sympin number="5" originx="1400" originy="-100" rotation="0" length="100" width="7.8740157480315" flipped="False">
      <text name="pinname" originx="1370" originy="-100" style="Default" rotation="0" justify="right" flipped="False" hidden="False" data="PRI_NAUX_1" />
      <text name="pindes" originx="1460" originy="-80" style="Default" rotation="0" justify="lowerleft" flipped="False" hidden="False" data="5" />
    </sympin>
    <sympin number="6" originx="1400" originy="0" rotation="0" length="100" width="7.8740157480315" flipped="False">
      <text name="pinname" originx="1370" originy="0" style="Default" rotation="0" justify="right" flipped="False" hidden="False" data="PRI_NAUX_2" />
      <text name="pindes" originx="1460" originy="20" style="Default" rotation="0" justify="lowerleft" flipped="False" hidden="False" data="6" />
    </sympin>
    <sympin number="7" originx="200" originy="0" rotation="180" length="100" width="7.8740157480315" flipped="False">
      <text name="pinname" originx="230" originy="0" style="Default" rotation="0" justify="left" flipped="False" hidden="False" data="NC_3" />
      <text name="pindes" originx="140" originy="20" style="Default" rotation="0" justify="lowerright" flipped="False" hidden="False" data="7" />
    </sympin>
    <sympin number="8" originx="200" originy="-100" rotation="180" length="100" width="7.8740157480315" flipped="False">
      <text name="pinname" originx="230" originy="-100" style="Default" rotation="0" justify="left" flipped="False" hidden="False" data="SEC_NS_1" />
      <text name="pindes" originx="140" originy="-80" style="Default" rotation="0" justify="lowerright" flipped="False" hidden="False" data="8" />
    </sympin>
    <sympin number="9" originx="200" originy="-200" rotation="180" length="100" width="7.8740157480315" flipped="False">
      <text name="pinname" originx="230" originy="-200" style="Default" rotation="0" justify="left" flipped="False" hidden="False" data="SEC_NS_2" />
      <text name="pindes" originx="140" originy="-180" style="Default" rotation="0" justify="lowerright" flipped="False" hidden="False" data="9" />
    </sympin>
    <sympin number="10" originx="200" originy="-300" rotation="180" length="100" width="7.8740157480315" flipped="False">
      <text name="pinname" originx="230" originy="-300" style="Default" rotation="0" justify="left" flipped="False" hidden="False" data="SEC_NS_3" />
      <text name="pindes" originx="140" originy="-280" style="Default" rotation="0" justify="lowerright" flipped="False" hidden="False" data="10" />
    </sympin>
    <sympin number="11" originx="200" originy="-400" rotation="180" length="100" width="7.8740157480315" flipped="False">
      <text name="pinname" originx="230" originy="-400" style="Default" rotation="0" justify="left" flipped="False" hidden="False" data="SEC_NS_4" />
      <text name="pindes" originx="140" originy="-380" style="Default" rotation="0" justify="lowerright" flipped="False" hidden="False" data="11" />
    </sympin>
    <sympin number="12" originx="200" originy="-500" rotation="180" length="100" width="7.8740157480315" flipped="False">
      <text name="pinname" originx="230" originy="-500" style="Default" rotation="0" justify="left" flipped="False" hidden="False" data="NC_4" />
      <text name="pindes" originx="140" originy="-480" style="Default" rotation="0" justify="lowerright" flipped="False" hidden="False" data="12" />
    </sympin>
  </symbol>
  <component name="11328-T074" designatorprefix="T" height="925.19685039369" footprint="11328T074">
    <comppin designator="1" sympin="1" pinswap="0" gateswap="0" gate="1" group="1" side="" type="Any" name="PRI_NP_1" />
    <comppin designator="2" sympin="2" pinswap="0" gateswap="0" gate="1" group="1" side="" type="Any" name="NC_1" />
    <comppin designator="3" sympin="3" pinswap="0" gateswap="0" gate="1" group="1" side="" type="Any" name="PRI_NP_2" />
    <comppin designator="4" sympin="4" pinswap="0" gateswap="0" gate="1" group="1" side="" type="Any" name="NC_2" />
    <comppin designator="5" sympin="5" pinswap="0" gateswap="0" gate="1" group="1" side="" type="Any" name="PRI_NAUX_1" />
    <comppin designator="6" sympin="6" pinswap="0" gateswap="0" gate="1" group="1" side="" type="Any" name="PRI_NAUX_2" />
    <comppin designator="7" sympin="7" pinswap="0" gateswap="0" gate="1" group="1" side="" type="Any" name="NC_3" />
    <comppin designator="8" sympin="8" pinswap="0" gateswap="0" gate="1" group="1" side="" type="Any" name="SEC_NS_1" />
    <comppin designator="9" sympin="9" pinswap="0" gateswap="0" gate="1" group="1" side="" type="Any" name="SEC_NS_2" />
    <comppin designator="10" sympin="10" pinswap="0" gateswap="0" gate="1" group="1" side="" type="Any" name="SEC_NS_3" />
    <comppin designator="11" sympin="11" pinswap="0" gateswap="0" gate="1" group="1" side="" type="Any" name="SEC_NS_4" />
    <comppin designator="12" sympin="12" pinswap="0" gateswap="0" gate="1" group="1" side="" type="Any" name="NC_4" />
    <attached_symbol gate="1" name="11328-T074" />
    <pinmap designator="1" footprintpin="1" />
    <pinmap designator="2" footprintpin="2" />
    <pinmap designator="3" footprintpin="3" />
    <pinmap designator="4" footprintpin="4" />
    <pinmap designator="5" footprintpin="5" />
    <pinmap designator="6" footprintpin="6" />
    <pinmap designator="7" footprintpin="7" />
    <pinmap designator="8" footprintpin="8" />
    <pinmap designator="9" footprintpin="9" />
    <pinmap designator="10" footprintpin="10" />
    <pinmap designator="11" footprintpin="11" />
    <pinmap designator="12" footprintpin="12" />
    <text name="Datasheet" originx="0" originy="0" style="Default" rotation="0" justify="" flipped="False" hidden="True" data="https://www.mouser.co.cr/datasheet/2/390/LT8316_PQ2620_Datasheet_ver_3_20190825-2199694.pdf" />
    <text name="Description" originx="0" originy="0" style="Default" rotation="0" justify="" flipped="False" hidden="True" data="Power Transformers Flyback Transformer for LT8316" />
    <text name="Mouser Part Number" originx="0" originy="0" style="Default" rotation="0" justify="" flipped="False" hidden="True" data="851-11328-T074" />
    <text name="Mouser Price/Stock" originx="0" originy="0" style="Default" rotation="0" justify="" flipped="False" hidden="True" data="https://www.mouser.co.uk/ProductDetail/Sumida/11328-T074?qs=DRkmTr78QASTM1HSK8DGZg%3D%3D" />
    <text name="Manufacturer_Name" originx="0" originy="0" style="Default" rotation="0" justify="" flipped="False" hidden="True" data="Sumida" />
    <text name="Manufacturer_Part_Number" originx="1450" originy="200" style="Default" rotation="0" justify="left" flipped="False" hidden="False" data="11328-T074" />
  </component>
</quadcept_library>
