<?xml version="1.0" encoding="utf-8"?>
<!--/171020/1753220/2.50/2/2/Diode/-->
<quadcept_library>
  <setting unit="mil" />
  <textstyle name="Default" height="47.244094488189" strokewidth="7.8740157480315" charwidth="47.244094488189" />
  <textstyle name="Dimension" height="19.6850393700787" strokewidth="0" charwidth="19.6850393700787" />
  <textstyle name="H127W0635TH00762" height="50" strokewidth="3" charwidth="25" />
  <textstyle name="H15W15TH02" height="59.0551181102362" strokewidth="7.8740157480315" charwidth="59.0551181102362" />
  <padstyle name="r315_225" surface="True" plated="False" isvia="False" nopaste="False" nomask="True" complex="False" holesize="0">
    <padshape layer="TOP" shape="rectangle" width="88.582677165353" height="124.01574803149" />
    <padshape layer="TOP_SOLDER_MASK" shape="rectangle" width="96.456692913385" height="131.88976377953" />
    <padshape layer="TOP_SOLDER_PASTE" shape="rectangle" width="88.582677165353" height="124.01574803149" />
  </padstyle>
  <footprint name="DIOM8059X261N" originx="0" originy="0" pickpointx="0" pickpointy="0">
    <pcbpin number="1" name="1" style="r315_225" originx="-135.82677165354" originy="0" rotation="0" />
    <pcbpin number="2" name="2" style="r315_225" originx="135.82677165354" originy="0" rotation="0" />
    <line layer="TOP_PLACE_BOUND" originx="-189.96062992126" originy="132.87401574803" endx="189.96062992126" endy="132.87401574803" width="1.9685039370079" />
    <line layer="TOP_PLACE_BOUND" originx="189.96062992126" originy="132.87401574803" endx="189.96062992126" endy="-132.87401574803" width="1.9685039370079" />
    <line layer="TOP_PLACE_BOUND" originx="189.96062992126" originy="-132.87401574803" endx="-189.96062992126" endy="-132.87401574803" width="1.9685039370079" />
    <line layer="TOP_PLACE_BOUND" originx="-189.96062992126" originy="-132.87401574803" endx="-189.96062992126" endy="132.87401574803" width="1.9685039370079" />
    <line layer="TOP_ASSEMBLY" originx="-156.49606299212" originy="116.14173228346" endx="156.49606299212" endy="116.14173228346" width="3.9370078740157" />
    <line layer="TOP_ASSEMBLY" originx="156.49606299212" originy="116.14173228346" endx="156.49606299212" endy="-116.14173228346" width="3.9370078740157" />
    <line layer="TOP_ASSEMBLY" originx="156.49606299212" originy="-116.14173228346" endx="-156.49606299212" endy="-116.14173228346" width="3.9370078740157" />
    <line layer="TOP_ASSEMBLY" originx="-156.49606299212" originy="-116.14173228346" endx="-156.49606299212" endy="116.14173228346" width="3.9370078740157" />
    <line layer="TOP_ASSEMBLY" originx="-156.49606299212" originy="71.850393700787" endx="-112.20472440945" endy="116.14173228346" width="3.9370078740157" />
    <line layer="TOP_SILKSCREEN" originx="156.49606299212" originy="116.14173228346" endx="-180.11811023622" endy="116.14173228346" width="7.8740157480314" />
    <line layer="TOP_SILKSCREEN" originx="-156.49606299212" originy="-116.14173228346" endx="156.49606299212" endy="-116.14173228346" width="7.8740157480314" />
  </footprint>
  <symbol name="MBRS340T3G" originx="0" originy="0">
    <line originx="200" originy="100" endx="200" endy="-100" width="0" />
    <line originx="100" originy="0" endx="200" endy="0" width="0" />
    <line originx="400" originy="0" endx="500" endy="0" width="0" />
    <sympin number="1" originx="100" originy="0" rotation="180" length="100" width="7.8740157480315" flipped="False">
      <text name="pinname" originx="140" originy="10" style="Default" rotation="0" justify="left" flipped="False" hidden="True" data="K" />
      <text name="pindes" originx="60" originy="10" style="Default" rotation="0" justify="lowerright" flipped="False" hidden="False" data="1" />
    </sympin>
    <sympin number="2" originx="500" originy="0" rotation="0" length="100" width="7.8740157480315" flipped="False">
      <text name="pinname" originx="460" originy="10" style="Default" rotation="0" justify="right" flipped="False" hidden="True" data="A" />
      <text name="pindes" originx="540" originy="10" style="Default" rotation="0" justify="lowerleft" flipped="False" hidden="False" data="2" />
    </sympin>
    <polygon type="polygon">
      <point x="200" y="0" />
      <point x="400" y="100" />
      <point x="400" y="-100" />
    </polygon>
  </symbol>
  <component name="MBRS340T3G" designatorprefix="D" height="102.75590551181" footprint="DIOM8059X261N">
    <comppin designator="1" sympin="1" pinswap="0" gateswap="0" gate="1" group="1" side="" type="Any" name="K" />
    <comppin designator="2" sympin="2" pinswap="0" gateswap="0" gate="1" group="1" side="" type="Any" name="A" />
    <attached_symbol gate="1" name="MBRS340T3G" />
    <pinmap designator="1" footprintpin="1" />
    <pinmap designator="2" footprintpin="2" />
    <text name="Datasheet" originx="0" originy="0" style="Default" rotation="0" justify="" flipped="False" hidden="True" data="https://www.onsemi.com/pub/Collateral/MBRS340T3-D.PDF" />
    <text name="Description" originx="0" originy="0" style="Default" rotation="0" justify="" flipped="False" hidden="True" data="Case: Epoxy, Molded; Small Compact Surface Mountable Package with J-Bend Leads; Shipped in 16 mm Tape and Reel, 2500 units per reel; Excellent Ability to Withstand Reverse Avalanche Energy Transients; Rectangular Package for Automated Handling; Highly Stable Oxide Passivated Junction; Guardring for Stress Protection Mechanical Characteristics:; Weight: 217 mg (approximately); Marking: B32, B33, B34; Finish: All External Surfaces Corrosion Resistant and Terminal Leads are Readily Solderable; Polarity: Notch " />
    <text name="Mouser Part Number" originx="0" originy="0" style="Default" rotation="0" justify="" flipped="False" hidden="True" data="863-MBRS340T3G" />
    <text name="Mouser Price/Stock" originx="0" originy="0" style="Default" rotation="0" justify="" flipped="False" hidden="True" data="https://www.mouser.co.uk/ProductDetail/onsemi/MBRS340T3G?qs=3JMERSakeboCr3wxBgfY3w%3D%3D" />
    <text name="Manufacturer_Name" originx="0" originy="0" style="Default" rotation="0" justify="" flipped="False" hidden="True" data="onsemi" />
    <text name="Manufacturer_Part_Number" originx="450" originy="100" style="Default" rotation="0" justify="left" flipped="False" hidden="False" data="MBRS340T3G" />
  </component>
</quadcept_library>
