<?xml version="1.0" encoding="utf-8"?>
<!--/16651148/1753220/2.50/2/2/Capacitor/-->
<quadcept_library>
  <setting unit="mil" />
  <textstyle name="Default" height="47.244094488189" strokewidth="7.8740157480315" charwidth="47.244094488189" />
  <textstyle name="Dimension" height="19.6850393700787" strokewidth="0" charwidth="19.6850393700787" />
  <textstyle name="H127W0635TH00762" height="50" strokewidth="3" charwidth="25" />
  <textstyle name="H15W15TH02" height="59.0551181102362" strokewidth="7.8740157480315" charwidth="59.0551181102362" />
  <padstyle name="r355_185" surface="True" plated="False" isvia="False" nopaste="False" nomask="True" complex="False" holesize="0">
    <padshape layer="TOP" shape="rectangle" width="72.83464566929" height="139.76377952756" />
    <padshape layer="TOP_SOLDER_MASK" shape="rectangle" width="80.708661417322" height="147.63779527559" />
    <padshape layer="TOP_SOLDER_PASTE" shape="rectangle" width="72.83464566929" height="139.76377952756" />
  </padstyle>
  <footprint name="CAPAE660X600N" originx="0" originy="0" pickpointx="0" pickpointy="0">
    <pcbpin number="1" name="1" style="r355_185" originx="-106.29921259842" originy="0" rotation="90" />
    <pcbpin number="2" name="2" style="r355_185" originx="106.29921259842" originy="0" rotation="90" />
    <line layer="TOP_PLACE_BOUND" originx="-195.86614173228" originy="153.54330708661" endx="195.86614173228" endy="153.54330708661" width="1.9685039370079" />
    <line layer="TOP_PLACE_BOUND" originx="195.86614173228" originy="153.54330708661" endx="195.86614173228" endy="-153.54330708661" width="1.9685039370079" />
    <line layer="TOP_PLACE_BOUND" originx="195.86614173228" originy="-153.54330708661" endx="-195.86614173228" endy="-153.54330708661" width="1.9685039370079" />
    <line layer="TOP_PLACE_BOUND" originx="-195.86614173228" originy="-153.54330708661" endx="-195.86614173228" endy="153.54330708661" width="1.9685039370079" />
    <line layer="TOP_ASSEMBLY" originx="129.92125984252" originy="129.92125984252" endx="-64.960629921259" endy="129.92125984252" width="3.9370078740157" />
    <line layer="TOP_ASSEMBLY" originx="-64.960629921259" originy="129.92125984252" endx="-129.92125984252" endy="64.960629921259" width="3.9370078740157" />
    <line layer="TOP_ASSEMBLY" originx="-129.92125984252" originy="64.960629921259" endx="-129.92125984252" endy="-64.960629921259" width="3.9370078740157" />
    <line layer="TOP_ASSEMBLY" originx="-129.92125984252" originy="-64.960629921259" endx="-64.960629921259" endy="-129.92125984252" width="3.9370078740157" />
    <line layer="TOP_ASSEMBLY" originx="-64.960629921259" originy="-129.92125984252" endx="129.92125984252" endy="-129.92125984252" width="3.9370078740157" />
    <line layer="TOP_ASSEMBLY" originx="129.92125984252" originy="-129.92125984252" endx="129.92125984252" endy="129.92125984252" width="3.9370078740157" />
    <line layer="TOP_SILKSCREEN" originx="-176.1811023622" originy="129.92125984252" endx="129.92125984252" endy="129.92125984252" width="7.8740157480314" />
    <line layer="TOP_SILKSCREEN" originx="-64.960629921259" originy="-129.92125984252" endx="129.92125984252" endy="-129.92125984252" width="7.8740157480314" />
  </footprint>
  <symbol name="A768EB107M1ELAS036" originx="0" originy="0">
    <line originx="220" originy="100" endx="220" endy="-100" width="0" />
    <line originx="280" originy="100" endx="280" endy="-100" width="0" />
    <line originx="200" originy="0" endx="220" endy="0" width="0" />
    <line originx="280" originy="0" endx="300" endy="0" width="0" />
    <sympin number="1" originx="200" originy="0" rotation="180" length="100" width="7.8740157480315" flipped="False">
      <text name="pinname" originx="0" originy="-10" style="Default" rotation="0" justify="upperleft" flipped="False" hidden="True" data="+" />
      <text name="pindes" originx="0" originy="10" style="Default" rotation="0" justify="lowerleft" flipped="False" hidden="False" data="1" />
    </sympin>
    <sympin number="2" originx="300" originy="0" rotation="0" length="100" width="7.8740157480315" flipped="False">
      <text name="pinname" originx="500" originy="-10" style="Default" rotation="0" justify="upperright" flipped="False" hidden="True" data="-" />
      <text name="pindes" originx="500" originy="10" style="Default" rotation="0" justify="lowerright" flipped="False" hidden="False" data="2" />
    </sympin>
  </symbol>
  <component name="A768EB107M1ELAS036" designatorprefix="C" height="236.22047244094" footprint="CAPAE660X600N">
    <comppin designator="1" sympin="1" pinswap="0" gateswap="0" gate="1" group="1" side="" type="Any" name="+" />
    <comppin designator="2" sympin="2" pinswap="0" gateswap="0" gate="1" group="1" side="" type="Any" name="-" />
    <attached_symbol gate="1" name="A768EB107M1ELAS036" />
    <pinmap designator="1" footprintpin="1" />
    <pinmap designator="2" footprintpin="2" />
    <text name="Datasheet" originx="0" originy="0" style="Default" rotation="0" justify="" flipped="False" hidden="True" data="https://content.kemet.com/datasheets/KEM_A4088_A768.pdf" />
    <text name="Description" originx="0" originy="0" style="Default" rotation="0" justify="" flipped="False" hidden="True" data="A768, Aluminum, Polymer Aluminum, 100 uF, 20%, 25 VDC, -55/+125C, 125C, -55C, 125C, 2,000 Hrs, 36 mOhms, 500 uA, 6.3mm, 5.7mm, 1000" />
    <text name="Mouser Part Number" originx="0" originy="0" style="Default" rotation="0" justify="" flipped="False" hidden="True" data="80-A768EB107M1ELAS36" />
    <text name="Mouser Price/Stock" originx="0" originy="0" style="Default" rotation="0" justify="" flipped="False" hidden="True" data="https://www.mouser.co.uk/ProductDetail/KEMET/A768EB107M1ELAS036?qs=DuoOggApuK8GRda2HhTQFg%3D%3D" />
    <text name="Manufacturer_Name" originx="0" originy="0" style="Default" rotation="0" justify="" flipped="False" hidden="True" data="KEMET" />
    <text name="Manufacturer_Part_Number" originx="350" originy="150" style="Default" rotation="0" justify="left" flipped="False" hidden="False" data="A768EB107M1ELAS036" />
  </component>
</quadcept_library>
