<?xml version="1.0" encoding="utf-8"?>
<!--/18677896/1753220/2.50/2/2/Capacitor Polarised/-->
<quadcept_library>
  <setting unit="mil" />
  <textstyle name="Default" height="47.244094488189" strokewidth="7.8740157480315" charwidth="47.244094488189" />
  <textstyle name="Dimension" height="19.6850393700787" strokewidth="0" charwidth="19.6850393700787" />
  <textstyle name="H127W0635TH00762" height="50" strokewidth="3" charwidth="25" />
  <textstyle name="H15W15TH02" height="59.0551181102362" strokewidth="7.8740157480315" charwidth="59.0551181102362" />
  <padstyle name="r410_200" surface="True" plated="False" isvia="False" nopaste="False" nomask="True" complex="False" holesize="0">
    <padshape layer="TOP" shape="rectangle" width="78.740157480314" height="161.41732283464" />
    <padshape layer="TOP_SOLDER_MASK" shape="rectangle" width="86.614173228345" height="169.29133858268" />
    <padshape layer="TOP_SOLDER_PASTE" shape="rectangle" width="78.740157480314" height="161.41732283464" />
  </padstyle>
  <footprint name="B40910A8127M000" originx="0" originy="0" pickpointx="0" pickpointy="0">
    <pcbpin number="1" name="1" style="r410_200" originx="-171.25984251968" originy="0" rotation="90" />
    <pcbpin number="2" name="2" style="r410_200" originx="171.25984251968" originy="0" rotation="90" />
    <line layer="TOP_PLACE_BOUND" originx="-291.33858267716" originy="242.12598425197" endx="291.33858267716" endy="242.12598425197" width="3.9370078740157" />
    <line layer="TOP_PLACE_BOUND" originx="291.33858267716" originy="242.12598425197" endx="291.33858267716" endy="-242.12598425197" width="3.9370078740157" />
    <line layer="TOP_PLACE_BOUND" originx="291.33858267716" originy="-242.12598425197" endx="-291.33858267716" endy="-242.12598425197" width="3.9370078740157" />
    <line layer="TOP_PLACE_BOUND" originx="-291.33858267716" originy="-242.12598425197" endx="-291.33858267716" endy="242.12598425197" width="3.9370078740157" />
    <line layer="TOP_ASSEMBLY" originx="0" originy="-202.75590551181" endx="-101.3779527559" endy="-202.75590551181" width="3.9370078740157" />
    <line layer="TOP_ASSEMBLY" originx="-101.3779527559" originy="-202.75590551181" endx="-202.75590551181" endy="-101.3779527559" width="3.9370078740157" />
    <line layer="TOP_ASSEMBLY" originx="-202.75590551181" originy="-101.3779527559" endx="-202.75590551181" endy="101.3779527559" width="3.9370078740157" />
    <line layer="TOP_ASSEMBLY" originx="-202.75590551181" originy="101.3779527559" endx="-101.3779527559" endy="202.75590551181" width="3.9370078740157" />
    <line layer="TOP_ASSEMBLY" originx="-101.3779527559" originy="202.75590551181" endx="202.75590551181" endy="202.75590551181" width="3.9370078740157" />
    <line layer="TOP_ASSEMBLY" originx="202.75590551181" originy="202.75590551181" endx="202.75590551181" endy="-202.75590551181" width="3.9370078740157" />
    <line layer="TOP_ASSEMBLY" originx="202.75590551181" originy="-202.75590551181" endx="0" endy="-202.75590551181" width="3.9370078740157" />
    <line layer="TOP_SILKSCREEN" originx="202.75590551181" originy="-202.75590551181" endx="-101.3779527559" endy="-202.75590551181" width="7.8740157480314" />
    <line layer="TOP_SILKSCREEN" originx="-101.3779527559" originy="-202.75590551181" endx="-202.75590551181" endy="-101.3779527559" width="7.8740157480314" />
    <line layer="TOP_SILKSCREEN" originx="-202.75590551181" originy="101.3779527559" endx="-101.3779527559" endy="202.75590551181" width="7.8740157480314" />
    <line layer="TOP_SILKSCREEN" originx="-101.3779527559" originy="202.75590551181" endx="202.75590551181" endy="202.75590551181" width="7.8740157480314" />
    <line layer="TOP_SILKSCREEN" originx="202.75590551181" originy="202.75590551181" endx="202.75590551181" endy="57.086614173228" width="7.8740157480314" />
    <line layer="TOP_SILKSCREEN" originx="202.75590551181" originy="-61.023622047243" endx="202.75590551181" endy="-202.75590551181" width="7.8740157480314" />
    <line layer="TOP_SILKSCREEN" originx="202.75590551181" originy="-202.75590551181" endx="188.97637795275" endy="-202.75590551181" width="7.8740157480314" />
    <line layer="TOP_SILKSCREEN" originx="-279.52755905511" originy="0" endx="-279.52755905511" endy="0" width="3.9370078740157" />
    <arc layer="TOP_SILKSCREEN" originx="-277.55905511811" originy="0" startangle="-180.0" sweepangle="180.0" radius="1.9685039370079" width="3.9370078740157" />
    <line layer="TOP_SILKSCREEN" originx="-275.5905511811" originy="0" endx="-275.5905511811" endy="0" width="3.9370078740157" />
    <arc layer="TOP_SILKSCREEN" originx="-277.55905511811" originy="0" startangle=".0" sweepangle="180.0" radius="1.9685039370079" width="3.9370078740157" />
  </footprint>
  <symbol name="B40910A8127M000" originx="0" originy="0">
    <line originx="200" originy="100" endx="200" endy="-100" width="0" />
    <line originx="230" originy="-100" endx="200" endy="-100" width="0" />
    <line originx="230" originy="-100" endx="230" endy="100" width="0" />
    <line originx="200" originy="100" endx="230" endy="100" width="0" />
    <line originx="180" originy="50" endx="140" endy="50" width="0" />
    <line originx="160" originy="70" endx="160" endy="30" width="0" />
    <line originx="100" originy="0" endx="200" endy="0" width="0" />
    <line originx="300" originy="0" endx="400" endy="0" width="0" />
    <sympin number="1" originx="100" originy="0" rotation="180" length="100" width="7.8740157480315" flipped="False">
      <text name="pinname" originx="0" originy="-10" style="Default" rotation="0" justify="upperleft" flipped="False" hidden="True" data="+" />
      <text name="pindes" originx="0" originy="10" style="Default" rotation="0" justify="lowerleft" flipped="False" hidden="False" data="1" />
    </sympin>
    <sympin number="2" originx="400" originy="0" rotation="0" length="100" width="7.8740157480315" flipped="False">
      <text name="pinname" originx="500" originy="-10" style="Default" rotation="0" justify="upperright" flipped="False" hidden="True" data="-" />
      <text name="pindes" originx="500" originy="10" style="Default" rotation="0" justify="lowerright" flipped="False" hidden="False" data="2" />
    </sympin>
    <polygon type="polygon">
      <point x="300" y="100" />
      <point x="300" y="-100" />
      <point x="270" y="-100" />
      <point x="270" y="100" />
    </polygon>
  </symbol>
  <component name="B40910A8127M000" designatorprefix="C" height="503.93700787401" footprint="B40910A8127M000">
    <comppin designator="1" sympin="1" pinswap="0" gateswap="0" gate="1" group="1" side="" type="Any" name="+" />
    <comppin designator="2" sympin="2" pinswap="0" gateswap="0" gate="1" group="1" side="" type="Any" name="-" />
    <attached_symbol gate="1" name="B40910A8127M000" />
    <pinmap designator="1" footprintpin="1" />
    <pinmap designator="2" footprintpin="2" />
    <text name="Datasheet" originx="0" originy="0" style="Default" rotation="0" justify="" flipped="False" hidden="True" data="https://product.tdk.com/system/files/dam/doc/product/capacitor/aluminum-electrolytic/hybrid-polymer/data_sheet/20/30/db/aec/b40910.pdf" />
    <text name="Description" originx="0" originy="0" style="Default" rotation="0" justify="" flipped="False" hidden="True" data="63V, 120uF (M) d10x12,5 mm SMD HP" />
    <text name="Mouser Part Number" originx="0" originy="0" style="Default" rotation="0" justify="" flipped="False" hidden="True" data="" />
    <text name="Mouser Price/Stock" originx="0" originy="0" style="Default" rotation="0" justify="" flipped="False" hidden="True" data="" />
    <text name="Manufacturer_Name" originx="0" originy="0" style="Default" rotation="0" justify="" flipped="False" hidden="True" data="TDK" />
    <text name="Manufacturer_Part_Number" originx="350" originy="150" style="Default" rotation="0" justify="left" flipped="False" hidden="False" data="B40910A8127M000" />
  </component>
</quadcept_library>
