<?xml version="1.0" encoding="utf-8"?>
<!--/1281950/1753220/2.50/3/2/MOSFET (N-Channel)/-->
<quadcept_library>
  <setting unit="mil" />
  <textstyle name="Default" height="47.244094488189" strokewidth="7.8740157480315" charwidth="47.244094488189" />
  <textstyle name="Dimension" height="19.6850393700787" strokewidth="0" charwidth="19.6850393700787" />
  <textstyle name="H127W0635TH00762" height="50" strokewidth="3" charwidth="25" />
  <textstyle name="H15W15TH02" height="59.0551181102362" strokewidth="7.8740157480315" charwidth="59.0551181102362" />
  <padstyle name="c259.5_h173" surface="False" plated="True" isvia="False" nopaste="True" nomask="True" complex="False" holesize="68.110236220472">
    <padshape layer="TOP" shape="round" width="102.16535433071" height="102.16535433071" />
    <padshape layer="TOP_SOLDER_MASK" shape="round" width="110.03937007874" height="110.03937007874" />
    <padshape layer="INNER" shape="round" width="102.16535433071" height="102.16535433071" />
    <padshape layer="BOTTOM" shape="round" width="102.16535433071" height="102.16535433071" />
    <padshape layer="BOTTOM_SOLDER_MASK" shape="round" width="110.03937007874" height="110.03937007874" />
  </padstyle>
  <padstyle name="s259.5_h173" surface="False" plated="True" isvia="False" nopaste="True" nomask="True" complex="False" holesize="68.110236220472">
    <padshape layer="TOP" shape="square" width="102.16535433071" height="102.16535433071" />
    <padshape layer="TOP_SOLDER_MASK" shape="square" width="110.03937007874" height="110.03937007874" />
    <padshape layer="INNER" shape="round" width="102.16535433071" height="102.16535433071" />
    <padshape layer="BOTTOM" shape="square" width="102.16535433071" height="102.16535433071" />
    <padshape layer="BOTTOM_SOLDER_MASK" shape="square" width="110.03937007874" height="110.03937007874" />
  </padstyle>
  <footprint name="TO556P482X1562X2475-3P" originx="0" originy="0" pickpointx="0" pickpointy="0">
    <pcbpin number="1" name="1" style="s259.5_h173" originx="0" originy="0" rotation="90" />
    <pcbpin number="2" name="2" style="c259.5_h173" originx="218.89763779527" originy="0" rotation="90" />
    <pcbpin number="3" name="3" style="c259.5_h173" originx="437.79527559055" originy="0" rotation="90" />
    <line layer="TOP_PLACE_BOUND" originx="-103.34645669291" originy="128.54330708661" endx="541.14173228346" endy="128.54330708661" width="1.9685039370079" />
    <line layer="TOP_PLACE_BOUND" originx="541.14173228346" originy="128.54330708661" endx="541.14173228346" endy="-80.905511811023" width="1.9685039370079" />
    <line layer="TOP_PLACE_BOUND" originx="541.14173228346" originy="-80.905511811023" endx="-103.34645669291" endy="-80.905511811023" width="1.9685039370079" />
    <line layer="TOP_PLACE_BOUND" originx="-103.34645669291" originy="-80.905511811023" endx="-103.34645669291" endy="128.54330708661" width="1.9685039370079" />
    <line layer="TOP_ASSEMBLY" originx="-93.503937007873" originy="118.70078740157" endx="531.29921259842" endy="118.70078740157" width="3.9370078740157" />
    <line layer="TOP_ASSEMBLY" originx="531.29921259842" originy="118.70078740157" endx="531.29921259842" endy="-71.062992125983" width="3.9370078740157" />
    <line layer="TOP_ASSEMBLY" originx="531.29921259842" originy="-71.062992125983" endx="-93.503937007873" endy="-71.062992125983" width="3.9370078740157" />
    <line layer="TOP_ASSEMBLY" originx="-93.503937007873" originy="-71.062992125983" endx="-93.503937007873" endy="118.70078740157" width="3.9370078740157" />
    <line layer="TOP_ASSEMBLY" originx="-93.503937007873" originy="9.2519685039369" endx="15.944881889764" endy="118.70078740157" width="3.9370078740157" />
    <line layer="TOP_SILKSCREEN" originx="531.29921259842" originy="-71.062992125983" endx="531.29921259842" endy="118.70078740157" width="7.8740157480314" />
    <line layer="TOP_SILKSCREEN" originx="531.29921259842" originy="118.70078740157" endx="-93.503937007873" endy="118.70078740157" width="7.8740157480314" />
    <line layer="TOP_SILKSCREEN" originx="-93.503937007873" originy="118.70078740157" endx="-93.503937007873" endy="0" width="7.8740157480314" />
  </footprint>
  <symbol name="FDH055N15A" originx="0" originy="0">
    <line originx="300" originy="100" endx="300" endy="-100" width="0" />
    <line originx="300" originy="200" endx="300" endy="300" width="0" />
    <line originx="100" originy="0" endx="200" endy="0" width="0" />
    <line originx="200" originy="200" endx="200" endy="0" width="0" />
    <line originx="300" originy="100" endx="230" endy="100" width="0" />
    <line originx="300" originy="200" endx="230" endy="200" width="0" />
    <line originx="230" originy="0" endx="300" endy="0" width="0" />
    <line originx="230" originy="220" endx="230" endy="180" width="0" />
    <line originx="230" originy="-20" endx="230" endy="20" width="0" />
    <line originx="230" originy="80" endx="230" endy="120" width="0" />
    <arc originx="250" originy="100" startangle="180" sweepangle="180" radius="150" width="0" />
    <arc originx="250" originy="100" startangle="180" sweepangle="-180" radius="150" width="0" />
    <sympin number="1" originx="100" originy="0" rotation="180" length="100" width="7.8740157480315" flipped="False">
      <text name="pinname" originx="0" originy="-20" style="Default" rotation="0" justify="upperleft" flipped="False" hidden="True" data="G" />
      <text name="pindes" originx="80" originy="10" style="Default" rotation="0" justify="lowerright" flipped="False" hidden="False" data="1" />
    </sympin>
    <sympin number="2" originx="300" originy="300" rotation="90" length="100" width="7.8740157480315" flipped="False">
      <text name="pinname" originx="320" originy="400" style="Default" rotation="90" justify="upperleft" flipped="False" hidden="True" data="D" />
      <text name="pindes" originx="280" originy="400" style="Default" rotation="90" justify="upperright" flipped="False" hidden="False" data="2" />
    </sympin>
    <sympin number="3" originx="300" originy="-100" rotation="270" length="100" width="7.8740157480315" flipped="False">
      <text name="pinname" originx="320" originy="-200" style="Default" rotation="90" justify="lowerleft" flipped="False" hidden="True" data="S" />
      <text name="pindes" originx="280" originy="-200" style="Default" rotation="90" justify="lowerright" flipped="False" hidden="False" data="3" />
    </sympin>
    <polygon type="polygon">
      <point x="230" y="100" />
      <point x="270" y="120" />
      <point x="270" y="80" />
    </polygon>
  </symbol>
  <component name="FDH055N15A" designatorprefix="Q" height="189.76377952756" footprint="TO556P482X1562X2475-3P">
    <comppin designator="1" sympin="1" pinswap="0" gateswap="0" gate="1" group="1" side="" type="Any" name="G" />
    <comppin designator="2" sympin="2" pinswap="0" gateswap="0" gate="1" group="1" side="" type="Any" name="D" />
    <comppin designator="3" sympin="3" pinswap="0" gateswap="0" gate="1" group="1" side="" type="Any" name="S" />
    <attached_symbol gate="1" name="FDH055N15A" />
    <pinmap designator="1" footprintpin="1" />
    <pinmap designator="2" footprintpin="2" />
    <pinmap designator="3" footprintpin="3" />
    <text name="Datasheet" originx="0" originy="0" style="Default" rotation="0" justify="" flipped="False" hidden="True" data="https://www.onsemi.com/pub/Collateral/FDH055N15A-D.PDF" />
    <text name="Description" originx="0" originy="0" style="Default" rotation="0" justify="" flipped="False" hidden="True" data="High Power and Current Handling Capability; Fast Switching Speed; High Performance Trench Technology for Extremely Low RDS(on) ; Low Gate Charge, QG = 92nC ( Typ.); RoHS Compliant; RDS(on) = 4.8m ( Typ.)@ VGS = 10V, ID = 120A" />
    <text name="Mouser Part Number" originx="0" originy="0" style="Default" rotation="0" justify="" flipped="False" hidden="True" data="512-FDH055N15A" />
    <text name="Mouser Price/Stock" originx="0" originy="0" style="Default" rotation="0" justify="" flipped="False" hidden="True" data="https://www.mouser.co.uk/ProductDetail/onsemi-Fairchild/FDH055N15A?qs=r2Ui%2FjbkGg%2FwTUHq7txgCw%3D%3D" />
    <text name="Manufacturer_Name" originx="0" originy="0" style="Default" rotation="0" justify="" flipped="False" hidden="True" data="onsemi" />
    <text name="Manufacturer_Part_Number" originx="450" originy="50" style="Default" rotation="0" justify="left" flipped="False" hidden="False" data="FDH055N15A" />
  </component>
</quadcept_library>
