<?xml version="1.0" encoding="utf-8"?>
<!--/743357/1753220/2.50/5/3/Integrated Circuit/-->
<quadcept_library>
  <setting unit="mil" />
  <textstyle name="Default" height="47.244094488189" strokewidth="7.8740157480315" charwidth="47.244094488189" />
  <textstyle name="Dimension" height="19.6850393700787" strokewidth="0" charwidth="19.6850393700787" />
  <textstyle name="H127W0635TH00762" height="50" strokewidth="3" charwidth="25" />
  <textstyle name="H15W15TH02" height="59.0551181102362" strokewidth="7.8740157480315" charwidth="59.0551181102362" />
  <padstyle name="c210_h140" surface="False" plated="True" isvia="False" nopaste="True" nomask="True" complex="False" holesize="55.11811023622">
    <padshape layer="TOP" shape="round" width="82.67716535433" height="82.67716535433" />
    <padshape layer="TOP_SOLDER_MASK" shape="round" width="90.551181102361" height="90.551181102361" />
    <padshape layer="INNER" shape="round" width="82.67716535433" height="82.67716535433" />
    <padshape layer="BOTTOM" shape="round" width="82.67716535433" height="82.67716535433" />
    <padshape layer="BOTTOM_SOLDER_MASK" shape="round" width="90.551181102361" height="90.551181102361" />
  </padstyle>
  <padstyle name="s210_h140" surface="False" plated="True" isvia="False" nopaste="True" nomask="True" complex="False" holesize="55.11811023622">
    <padshape layer="TOP" shape="square" width="82.67716535433" height="82.67716535433" />
    <padshape layer="TOP_SOLDER_MASK" shape="square" width="90.551181102361" height="90.551181102361" />
    <padshape layer="INNER" shape="round" width="82.67716535433" height="82.67716535433" />
    <padshape layer="BOTTOM" shape="square" width="82.67716535433" height="82.67716535433" />
    <padshape layer="BOTTOM_SOLDER_MASK" shape="square" width="90.551181102361" height="90.551181102361" />
  </padstyle>
  <footprint name="TO170P470X1028X2142-5P" originx="0" originy="0" pickpointx="0" pickpointy="0">
    <pcbpin number="1" name="1" style="s210_h140" originx="0" originy="0" rotation="90" />
    <pcbpin number="2" name="3" style="c210_h140" originx="133.85826771653" originy="0" rotation="90" />
    <pcbpin number="3" name="5" style="c210_h140" originx="267.71653543307" originy="0" rotation="90" />
    <pcbpin number="4" name="2" style="c210_h140" originx="66.929133858267" originy="224.8031496063" rotation="90" />
    <pcbpin number="5" name="4" style="c210_h140" originx="200.7874015748" originy="224.8031496063" rotation="90" />
    <line layer="TOP_PLACE_BOUND" originx="-83.464566929133" originy="345.86614173228" endx="351.1811023622" endy="345.86614173228" width="1.9685039370079" />
    <line layer="TOP_PLACE_BOUND" originx="351.1811023622" originy="345.86614173228" endx="351.1811023622" endy="-51.181102362204" width="1.9685039370079" />
    <line layer="TOP_PLACE_BOUND" originx="351.1811023622" originy="-51.181102362204" endx="-83.464566929133" endy="-51.181102362204" width="1.9685039370079" />
    <line layer="TOP_PLACE_BOUND" originx="-83.464566929133" originy="-51.181102362204" endx="-83.464566929133" endy="345.86614173228" width="1.9685039370079" />
    <line layer="TOP_ASSEMBLY" originx="-73.622047244094" originy="336.02362204724" endx="341.33858267716" endy="336.02362204724" width="3.9370078740157" />
    <line layer="TOP_ASSEMBLY" originx="341.33858267716" originy="336.02362204724" endx="341.33858267716" endy="150.9842519685" width="3.9370078740157" />
    <line layer="TOP_ASSEMBLY" originx="341.33858267716" originy="150.9842519685" endx="-73.622047244094" endy="150.9842519685" width="3.9370078740157" />
    <line layer="TOP_ASSEMBLY" originx="-73.622047244094" originy="150.9842519685" endx="-73.622047244094" endy="336.02362204724" width="3.9370078740157" />
    <line layer="TOP_ASSEMBLY" originx="-73.622047244094" originy="302.55905511811" endx="-40.15748031496" endy="336.02362204724" width="3.9370078740157" />
    <line layer="TOP_SILKSCREEN" originx="341.33858267716" originy="150.9842519685" endx="341.33858267716" endy="336.02362204724" width="7.8740157480314" />
    <line layer="TOP_SILKSCREEN" originx="341.33858267716" originy="336.02362204724" endx="-73.622047244094" endy="336.02362204724" width="7.8740157480314" />
    <line layer="TOP_SILKSCREEN" originx="-73.622047244094" originy="336.02362204724" endx="-73.622047244094" endy="0" width="7.8740157480314" />
  </footprint>
  <symbol name="LM2575HVT-12_LF03" originx="0" originy="0">
    <line originx="200" originy="100" endx="1300" endy="100" width="0" />
    <line originx="1300" originy="-300" endx="1300" endy="100" width="0" />
    <line originx="1300" originy="-300" endx="200" endy="-300" width="0" />
    <line originx="200" originy="100" endx="200" endy="-300" width="0" />
    <sympin number="1" originx="200" originy="0" rotation="180" length="100" width="7.8740157480315" flipped="False">
      <text name="pinname" originx="230" originy="0" style="Default" rotation="0" justify="left" flipped="False" hidden="False" data="VIN" />
      <text name="pindes" originx="140" originy="20" style="Default" rotation="0" justify="lowerright" flipped="False" hidden="False" data="1" />
    </sympin>
    <sympin number="2" originx="200" originy="-100" rotation="180" length="100" width="7.8740157480315" flipped="False">
      <text name="pinname" originx="230" originy="-100" style="Default" rotation="0" justify="left" flipped="False" hidden="False" data="OUTPUT" />
      <text name="pindes" originx="140" originy="-80" style="Default" rotation="0" justify="lowerright" flipped="False" hidden="False" data="2" />
    </sympin>
    <sympin number="3" originx="200" originy="-200" rotation="180" length="100" width="7.8740157480315" flipped="False">
      <text name="pinname" originx="230" originy="-200" style="Default" rotation="0" justify="left" flipped="False" hidden="False" data="GROUND" />
      <text name="pindes" originx="140" originy="-180" style="Default" rotation="0" justify="lowerright" flipped="False" hidden="False" data="3" />
    </sympin>
    <sympin number="4" originx="1300" originy="0" rotation="0" length="100" width="7.8740157480315" flipped="False">
      <text name="pinname" originx="1270" originy="0" style="Default" rotation="0" justify="right" flipped="False" hidden="False" data="FEEDBACK" />
      <text name="pindes" originx="1360" originy="20" style="Default" rotation="0" justify="lowerleft" flipped="False" hidden="False" data="4" />
    </sympin>
    <sympin number="5" originx="1300" originy="-100" rotation="0" length="100" width="7.8740157480315" flipped="False">
      <text name="pinname" originx="1270" originy="-100" style="Default" rotation="0" justify="right" flipped="False" hidden="False" data="\ON\/OFF" />
      <text name="pindes" originx="1360" originy="-80" style="Default" rotation="0" justify="lowerleft" flipped="False" hidden="False" data="5" />
    </sympin>
  </symbol>
  <component name="LM2575HVT-12_LF03" designatorprefix="IC" height="185.03937007874" footprint="TO170P470X1028X2142-5P">
    <comppin designator="1" sympin="1" pinswap="0" gateswap="0" gate="1" group="1" side="" type="Any" name="VIN" />
    <comppin designator="2" sympin="2" pinswap="0" gateswap="0" gate="1" group="1" side="" type="Any" name="OUTPUT" />
    <comppin designator="3" sympin="3" pinswap="0" gateswap="0" gate="1" group="1" side="" type="Any" name="GROUND" />
    <comppin designator="4" sympin="4" pinswap="0" gateswap="0" gate="1" group="1" side="" type="Any" name="FEEDBACK" />
    <comppin designator="5" sympin="5" pinswap="0" gateswap="0" gate="1" group="1" side="" type="Any" name="|ON|/OFF" />
    <attached_symbol gate="1" name="LM2575HVT-12_LF03" />
    <pinmap designator="1" footprintpin="1" />
    <pinmap designator="2" footprintpin="2" />
    <pinmap designator="3" footprintpin="3" />
    <pinmap designator="4" footprintpin="4" />
    <pinmap designator="5" footprintpin="5" />
    <text name="Datasheet" originx="0" originy="0" style="Default" rotation="0" justify="" flipped="False" hidden="True" data="" />
    <text name="Description" originx="0" originy="0" style="Default" rotation="0" justify="" flipped="False" hidden="True" data="Switching Voltage Regulators SIMPLE SWITCHER 1A Step-Down Voltage Regulator 5-TO-220" />
    <text name="Mouser Part Number" originx="0" originy="0" style="Default" rotation="0" justify="" flipped="False" hidden="True" data="926-LM2575HVT12LF03" />
    <text name="Mouser Price/Stock" originx="0" originy="0" style="Default" rotation="0" justify="" flipped="False" hidden="True" data="https://www.mouser.co.uk/ProductDetail/Texas-Instruments/LM2575HVT-12-LF03?qs=X1J7HmVL2ZH9n4TMpZlfYA%3D%3D" />
    <text name="Manufacturer_Name" originx="0" originy="0" style="Default" rotation="0" justify="" flipped="False" hidden="True" data="Texas Instruments" />
    <text name="Manufacturer_Part_Number" originx="1350" originy="200" style="Default" rotation="0" justify="left" flipped="False" hidden="False" data="LM2575HVT-12/LF03" />
  </component>
</quadcept_library>
