<?xml version="1.0" encoding="utf-8"?>
<!--/2206825/1753220/2.50/2/3/Resistor/-->
<quadcept_library>
  <setting unit="mil" />
  <textstyle name="Default" height="47.244094488189" strokewidth="7.8740157480315" charwidth="47.244094488189" />
  <textstyle name="Dimension" height="19.6850393700787" strokewidth="0" charwidth="19.6850393700787" />
  <textstyle name="H127W0635TH00762" height="50" strokewidth="3" charwidth="25" />
  <textstyle name="H15W15TH02" height="59.0551181102362" strokewidth="7.8740157480315" charwidth="59.0551181102362" />
  <padstyle name="r340_110" surface="True" plated="False" isvia="False" nopaste="False" nomask="True" complex="False" holesize="0">
    <padshape layer="TOP" shape="rectangle" width="43.307086614173" height="133.85826771653" />
    <padshape layer="TOP_SOLDER_MASK" shape="rectangle" width="51.181102362204" height="141.73228346457" />
    <padshape layer="TOP_SOLDER_PASTE" shape="rectangle" width="43.307086614173" height="133.85826771653" />
  </padstyle>
  <footprint name="RESC6432X65N" originx="0" originy="0" pickpointx="0" pickpointy="0">
    <pcbpin number="1" name="1" style="r340_110" originx="-120.07874015748" originy="0" rotation="0" />
    <pcbpin number="2" name="2" style="r340_110" originx="120.07874015748" originy="0" rotation="0" />
    <line layer="TOP_PLACE_BOUND" originx="-151.5748031496" originy="76.771653543306" endx="151.5748031496" endy="76.771653543306" width="1.9685039370079" />
    <line layer="TOP_PLACE_BOUND" originx="151.5748031496" originy="76.771653543306" endx="151.5748031496" endy="-76.771653543306" width="1.9685039370079" />
    <line layer="TOP_PLACE_BOUND" originx="151.5748031496" originy="-76.771653543306" endx="-151.5748031496" endy="-76.771653543306" width="1.9685039370079" />
    <line layer="TOP_PLACE_BOUND" originx="-151.5748031496" originy="-76.771653543306" endx="-151.5748031496" endy="76.771653543306" width="1.9685039370079" />
    <line layer="TOP_ASSEMBLY" originx="-125" originy="62.992125984251" endx="125" endy="62.992125984251" width="3.9370078740157" />
    <line layer="TOP_ASSEMBLY" originx="125" originy="62.992125984251" endx="125" endy="-62.992125984251" width="3.9370078740157" />
    <line layer="TOP_ASSEMBLY" originx="125" originy="-62.992125984251" endx="-125" endy="-62.992125984251" width="3.9370078740157" />
    <line layer="TOP_ASSEMBLY" originx="-125" originy="-62.992125984251" endx="-125" endy="62.992125984251" width="3.9370078740157" />
    <line layer="TOP_SILKSCREEN" originx="0" originy="59.055118110235" endx="0" endy="-59.055118110235" width="7.8740157480314" />
  </footprint>
  <symbol name="CRGP2512F82R" originx="0" originy="0">
    <line originx="200" originy="50" endx="500" endy="50" width="0" />
    <line originx="500" originy="-50" endx="500" endy="50" width="0" />
    <line originx="500" originy="-50" endx="200" endy="-50" width="0" />
    <line originx="200" originy="50" endx="200" endy="-50" width="0" />
    <sympin number="1" originx="200" originy="0" rotation="180" length="100" width="7.8740157480315" flipped="False">
      <text name="pinname" originx="0" originy="-10" style="Default" rotation="0" justify="upperleft" flipped="False" hidden="True" data="1" />
      <text name="pindes" originx="0" originy="10" style="Default" rotation="0" justify="lowerleft" flipped="False" hidden="False" data="1" />
    </sympin>
    <sympin number="2" originx="500" originy="0" rotation="0" length="100" width="7.8740157480315" flipped="False">
      <text name="pinname" originx="700" originy="-10" style="Default" rotation="0" justify="upperright" flipped="False" hidden="True" data="2" />
      <text name="pindes" originx="700" originy="10" style="Default" rotation="0" justify="lowerright" flipped="False" hidden="False" data="2" />
    </sympin>
  </symbol>
  <component name="CRGP2512F82R" designatorprefix="R" height="25.590551181102" footprint="RESC6432X65N">
    <comppin designator="1" sympin="1" pinswap="0" gateswap="0" gate="1" group="1" side="" type="Any" name="1" />
    <comppin designator="2" sympin="2" pinswap="0" gateswap="0" gate="1" group="1" side="" type="Any" name="2" />
    <attached_symbol gate="1" name="CRGP2512F82R" />
    <pinmap designator="1" footprintpin="1" />
    <pinmap designator="2" footprintpin="2" />
    <text name="Datasheet" originx="0" originy="0" style="Default" rotation="0" justify="" flipped="False" hidden="True" data="https://componentsearchengine.com/Datasheets/1/CRGP2512F82R.pdf" />
    <text name="Description" originx="0" originy="0" style="Default" rotation="0" justify="" flipped="False" hidden="True" data="Thick Film Resistors - SMD CRGP 2512 82R 1% SMD Resistor" />
    <text name="Mouser Part Number" originx="0" originy="0" style="Default" rotation="0" justify="" flipped="False" hidden="True" data="279-CRGP2512F82R" />
    <text name="Mouser Price/Stock" originx="0" originy="0" style="Default" rotation="0" justify="" flipped="False" hidden="True" data="https://www.mouser.com/Search/Refine.aspx?Keyword=279-CRGP2512F82R" />
    <text name="Manufacturer_Name" originx="0" originy="0" style="Default" rotation="0" justify="" flipped="False" hidden="True" data="TE Connectivity" />
    <text name="Manufacturer_Part_Number" originx="550" originy="150" style="Default" rotation="0" justify="left" flipped="False" hidden="False" data="CRGP2512F82R" />
  </component>
</quadcept_library>
