<?xml version="1.0" encoding="utf-8"?>
<!--/651438/1753220/2.50/3/4/Variable Resistor/-->
<quadcept_library>
  <setting unit="mil" />
  <textstyle name="Default" height="47.244094488189" strokewidth="7.8740157480315" charwidth="47.244094488189" />
  <textstyle name="Dimension" height="19.6850393700787" strokewidth="0" charwidth="19.6850393700787" />
  <textstyle name="H127W0635TH00762" height="50" strokewidth="3" charwidth="25" />
  <textstyle name="H15W15TH02" height="59.0551181102362" strokewidth="7.8740157480315" charwidth="59.0551181102362" />
  <padstyle name="c115_h71" surface="False" plated="True" isvia="False" nopaste="True" nomask="True" complex="False" holesize="27.952755905511">
    <padshape layer="TOP" shape="round" width="45.275590551181" height="45.275590551181" />
    <padshape layer="TOP_SOLDER_MASK" shape="round" width="53.149606299212" height="53.149606299212" />
    <padshape layer="INNER" shape="round" width="45.275590551181" height="45.275590551181" />
    <padshape layer="BOTTOM" shape="round" width="45.275590551181" height="45.275590551181" />
    <padshape layer="BOTTOM_SOLDER_MASK" shape="round" width="53.149606299212" height="53.149606299212" />
  </padstyle>
  <footprint name="3296W1503LF" originx="0" originy="0" pickpointx="0" pickpointy="0">
    <pcbpin number="1" name="1" style="c115_h71" originx="0" originy="0" rotation="90" />
    <pcbpin number="2" name="2" style="c115_h71" originx="-99.999999999999" originy="0" rotation="90" />
    <pcbpin number="3" name="3" style="c115_h71" originx="-200" originy="0" rotation="90" />
    <line layer="TOP_ASSEMBLY" originx="87.598425196849" originy="94.881889763778" endx="-287.59842519685" endy="94.881889763778" width="7.8740157480314" />
    <line layer="TOP_ASSEMBLY" originx="-287.59842519685" originy="94.881889763778" endx="-287.59842519685" endy="-95.27559055118" width="7.8740157480314" />
    <line layer="TOP_ASSEMBLY" originx="-287.59842519685" originy="-95.27559055118" endx="87.598425196849" endy="-95.27559055118" width="7.8740157480314" />
    <line layer="TOP_ASSEMBLY" originx="87.598425196849" originy="-95.27559055118" endx="87.598425196849" endy="94.881889763778" width="7.8740157480314" />
    <line layer="TOP_SILKSCREEN" originx="87.598425196849" originy="94.881889763778" endx="-287.59842519685" endy="94.881889763778" width="7.8740157480314" />
    <line layer="TOP_SILKSCREEN" originx="-287.59842519685" originy="94.881889763778" endx="-287.59842519685" endy="-95.27559055118" width="7.8740157480314" />
    <line layer="TOP_SILKSCREEN" originx="-287.59842519685" originy="-95.27559055118" endx="87.598425196849" endy="-95.27559055118" width="7.8740157480314" />
    <line layer="TOP_SILKSCREEN" originx="87.598425196849" originy="-95.27559055118" endx="87.598425196849" endy="94.881889763778" width="7.8740157480314" />
    <line layer="TOP_PLACE_BOUND" originx="126.96850393701" originy="134.25196850394" endx="-326.968503937" endy="134.25196850394" width="3.9370078740157" />
    <line layer="TOP_PLACE_BOUND" originx="-326.968503937" originy="134.25196850394" endx="-326.968503937" endy="-134.64566929134" width="3.9370078740157" />
    <line layer="TOP_PLACE_BOUND" originx="-326.968503937" originy="-134.64566929134" endx="126.96850393701" endy="-134.64566929134" width="3.9370078740157" />
    <line layer="TOP_PLACE_BOUND" originx="126.96850393701" originy="-134.64566929134" endx="126.96850393701" endy="134.25196850394" width="3.9370078740157" />
    <line layer="TOP_SILKSCREEN" originx="115.9842519685" originy="0" endx="115.9842519685" endy="0" width="7.8740157480314" />
    <arc layer="TOP_SILKSCREEN" originx="119.92125984252" originy="0" startangle="-.0" sweepangle="180.0" radius="3.9370078740157" width="7.8740157480314" />
    <line layer="TOP_SILKSCREEN" originx="108.11023622047" originy="0" endx="108.11023622047" endy="0" width="7.8740157480314" />
    <arc layer="TOP_SILKSCREEN" originx="119.92125984252" originy="0" startangle="180.0" sweepangle="180.0" radius="3.9370078740157" width="7.8740157480314" />
  </footprint>
  <symbol name="3296W-1-201LF" originx="0" originy="0">
    <line originx="200" originy="100" endx="800" endy="100" width="0" />
    <line originx="800" originy="-300" endx="800" endy="100" width="0" />
    <line originx="800" originy="-300" endx="200" endy="-300" width="0" />
    <line originx="200" originy="100" endx="200" endy="-300" width="0" />
    <sympin number="1" originx="200" originy="-200" rotation="180" length="100" width="7.8740157480315" flipped="False">
      <text name="pinname" originx="230" originy="-200" style="Default" rotation="0" justify="left" flipped="False" hidden="False" data="CCW" />
      <text name="pindes" originx="140" originy="-180" style="Default" rotation="0" justify="lowerright" flipped="False" hidden="False" data="1" />
    </sympin>
    <sympin number="2" originx="200" originy="-100" rotation="180" length="100" width="7.8740157480315" flipped="False">
      <text name="pinname" originx="230" originy="-100" style="Default" rotation="0" justify="left" flipped="False" hidden="False" data="WIPER" />
      <text name="pindes" originx="140" originy="-80" style="Default" rotation="0" justify="lowerright" flipped="False" hidden="False" data="2" />
    </sympin>
    <sympin number="3" originx="200" originy="0" rotation="180" length="100" width="7.8740157480315" flipped="False">
      <text name="pinname" originx="230" originy="0" style="Default" rotation="0" justify="left" flipped="False" hidden="False" data="CW" />
      <text name="pindes" originx="140" originy="20" style="Default" rotation="0" justify="lowerright" flipped="False" hidden="False" data="3" />
    </sympin>
  </symbol>
  <component name="3296W-1-201LF" designatorprefix="VR" height="404.72440944881" footprint="3296W1503LF">
    <comppin designator="1" sympin="1" pinswap="0" gateswap="0" gate="1" group="1" side="" type="Any" name="CCW" />
    <comppin designator="2" sympin="2" pinswap="0" gateswap="0" gate="1" group="1" side="" type="Any" name="WIPER" />
    <comppin designator="3" sympin="3" pinswap="0" gateswap="0" gate="1" group="1" side="" type="Any" name="CW" />
    <attached_symbol gate="1" name="3296W-1-201LF" />
    <pinmap designator="1" footprintpin="1" />
    <pinmap designator="2" footprintpin="2" />
    <pinmap designator="3" footprintpin="3" />
    <text name="Datasheet" originx="0" originy="0" style="Default" rotation="0" justify="" flipped="False" hidden="True" data="https://www.bourns.com/pdfs/3296.pdf" />
    <text name="Description" originx="0" originy="0" style="Default" rotation="0" justify="" flipped="False" hidden="True" data="Bourns 3296W Series 25-Turn Through Hole Trimmer Resistor with Pin Terminations, 200 +/-10% 1/2W +/-100ppm/C" />
    <text name="Mouser Part Number" originx="0" originy="0" style="Default" rotation="0" justify="" flipped="False" hidden="True" data="652-3296W-1-201LF" />
    <text name="Mouser Price/Stock" originx="0" originy="0" style="Default" rotation="0" justify="" flipped="False" hidden="True" data="https://www.mouser.co.uk/ProductDetail/Bourns/3296W-1-201LF?qs=1ZXm5T73%252Ba203HArwFguaA%3D%3D" />
    <text name="Manufacturer_Name" originx="0" originy="0" style="Default" rotation="0" justify="" flipped="False" hidden="True" data="Bourns" />
    <text name="Manufacturer_Part_Number" originx="850" originy="200" style="Default" rotation="0" justify="left" flipped="False" hidden="False" data="3296W-1-201LF" />
  </component>
</quadcept_library>
