<?xml version="1.0" encoding="utf-8"?>
<!--/721/1753220/2.50/7/4/Integrated Circuit/-->
<quadcept_library>
  <setting unit="mil" />
  <textstyle name="Default" height="47.244094488189" strokewidth="7.8740157480315" charwidth="47.244094488189" />
  <textstyle name="Dimension" height="19.6850393700787" strokewidth="0" charwidth="19.6850393700787" />
  <textstyle name="H127W0635TH00762" height="50" strokewidth="3" charwidth="25" />
  <textstyle name="H15W15TH02" height="59.0551181102362" strokewidth="7.8740157480315" charwidth="59.0551181102362" />
  <padstyle name="r203.2_116.8" surface="True" plated="False" isvia="False" nopaste="False" nomask="True" complex="False" holesize="0">
    <padshape layer="TOP" shape="rectangle" width="45.984251968503" height="79.999999999999" />
    <padshape layer="TOP_SOLDER_MASK" shape="rectangle" width="53.858267716535" height="87.87401574803" />
    <padshape layer="TOP_SOLDER_PASTE" shape="rectangle" width="45.984251968503" height="79.999999999999" />
  </padstyle>
  <padstyle name="r203.2_152.4" surface="True" plated="False" isvia="False" nopaste="False" nomask="True" complex="False" holesize="0">
    <padshape layer="TOP" shape="rectangle" width="59.999999999999" height="79.999999999999" />
    <padshape layer="TOP_SOLDER_MASK" shape="rectangle" width="67.874015748031" height="87.87401574803" />
    <padshape layer="TOP_SOLDER_PASTE" shape="rectangle" width="59.999999999999" height="79.999999999999" />
  </padstyle>
  <footprint name="TNY274GNTL" originx="0" originy="0" pickpointx="0" pickpointy="0">
    <pcbpin number="1" name="1" style="r203.2_116.8" originx="-142.99212598425" originy="-135.90551181102" rotation="0" />
    <pcbpin number="2" name="2" style="r203.2_152.4" originx="-49.999999999999" originy="-135.90551181102" rotation="0" />
    <pcbpin number="3" name="4" style="r203.2_116.8" originx="142.99212598425" originy="-135.90551181102" rotation="0" />
    <pcbpin number="4" name="5" style="r203.2_116.8" originx="142.99212598425" originy="204.09448818897" rotation="0" />
    <pcbpin number="5" name="6" style="r203.2_152.4" originx="49.999999999999" originy="204.09448818897" rotation="0" />
    <pcbpin number="6" name="7" style="r203.2_152.4" originx="-49.999999999999" originy="204.09448818897" rotation="0" />
    <pcbpin number="7" name="8" style="r203.2_116.8" originx="-142.99212598425" originy="204.09448818897" rotation="0" />
    <line layer="TOP_ASSEMBLY" originx="-188.46456692913" originy="159.09448818897" endx="188.46456692913" endy="159.09448818897" width="7.8740157480314" />
    <line layer="TOP_ASSEMBLY" originx="188.46456692913" originy="159.09448818897" endx="188.46456692913" endy="-90.905511811023" width="7.8740157480314" />
    <line layer="TOP_ASSEMBLY" originx="188.46456692913" originy="-90.905511811023" endx="-188.46456692913" endy="-90.905511811023" width="7.8740157480314" />
    <line layer="TOP_ASSEMBLY" originx="-188.46456692913" originy="-90.905511811023" endx="-188.46456692913" endy="159.09448818897" width="7.8740157480314" />
    <line layer="TOP_PLACE_BOUND" originx="-228.34645669291" originy="283.46456692913" endx="228.34645669291" endy="283.46456692913" width="3.9370078740157" />
    <line layer="TOP_PLACE_BOUND" originx="228.34645669291" originy="283.46456692913" endx="228.34645669291" endy="-243.46456692913" width="3.9370078740157" />
    <line layer="TOP_PLACE_BOUND" originx="228.34645669291" originy="-243.46456692913" endx="-228.34645669291" endy="-243.46456692913" width="3.9370078740157" />
    <line layer="TOP_PLACE_BOUND" originx="-228.34645669291" originy="-243.46456692913" endx="-228.34645669291" endy="283.46456692913" width="3.9370078740157" />
    <line layer="TOP_SILKSCREEN" originx="-141.73228346457" originy="-202.12598425197" endx="-141.73228346457" endy="-202.12598425197" width="3.9370078740157" />
    <arc layer="TOP_SILKSCREEN" originx="-143.70078740157" originy="-202.12598425197" startangle=".0" sweepangle="180.0" radius="1.9685039370079" width="3.9370078740157" />
    <line layer="TOP_SILKSCREEN" originx="-145.66929133858" originy="-202.12598425197" endx="-145.66929133858" endy="-202.12598425197" width="3.9370078740157" />
    <arc layer="TOP_SILKSCREEN" originx="-143.70078740157" originy="-202.12598425197" startangle="180.0" sweepangle="180.0" radius="1.9685039370079" width="3.9370078740157" />
    <line layer="TOP_SILKSCREEN" originx="-181.10236220472" originy="160.07874015748" endx="-188.97637795275" endy="160.07874015748" width="3.9370078740157" />
    <line layer="TOP_SILKSCREEN" originx="-188.97637795275" originy="160.07874015748" endx="-188.46456692913" endy="-91.889763779526" width="3.9370078740157" />
    <line layer="TOP_SILKSCREEN" originx="-188.46456692913" originy="-91.889763779526" endx="-181.10236220472" endy="-91.889763779526" width="3.9370078740157" />
    <line layer="TOP_SILKSCREEN" originx="-7.8740157480314" originy="-91.889763779526" endx="102.36220472441" endy="-90.905511811023" width="3.9370078740157" />
    <line layer="TOP_SILKSCREEN" originx="181.10236220472" originy="160.07874015748" endx="188.97637795275" endy="160.07874015748" width="3.9370078740157" />
    <line layer="TOP_SILKSCREEN" originx="188.97637795275" originy="160.07874015748" endx="188.97637795275" endy="-90.905511811023" width="3.9370078740157" />
    <line layer="TOP_SILKSCREEN" originx="188.97637795275" originy="-90.905511811023" endx="181.10236220472" endy="-90.905511811023" width="3.9370078740157" />
  </footprint>
  <symbol name="TNY274GN-TL" originx="0" originy="0">
    <line originx="200" originy="100" endx="900" endy="100" width="0" />
    <line originx="900" originy="-400" endx="900" endy="100" width="0" />
    <line originx="900" originy="-400" endx="200" endy="-400" width="0" />
    <line originx="200" originy="100" endx="200" endy="-400" width="0" />
    <sympin number="1" originx="200" originy="0" rotation="180" length="100" width="7.8740157480315" flipped="False">
      <text name="pinname" originx="230" originy="0" style="Default" rotation="0" justify="left" flipped="False" hidden="False" data="EN/UV" />
      <text name="pindes" originx="140" originy="20" style="Default" rotation="0" justify="lowerright" flipped="False" hidden="False" data="1" />
    </sympin>
    <sympin number="2" originx="200" originy="-100" rotation="180" length="100" width="7.8740157480315" flipped="False">
      <text name="pinname" originx="230" originy="-100" style="Default" rotation="0" justify="left" flipped="False" hidden="False" data="BP/M" />
      <text name="pindes" originx="140" originy="-80" style="Default" rotation="0" justify="lowerright" flipped="False" hidden="False" data="2" />
    </sympin>
    <sympin number="4" originx="200" originy="-200" rotation="180" length="100" width="7.8740157480315" flipped="False">
      <text name="pinname" originx="230" originy="-200" style="Default" rotation="0" justify="left" flipped="False" hidden="False" data="D" />
      <text name="pindes" originx="140" originy="-180" style="Default" rotation="0" justify="lowerright" flipped="False" hidden="False" data="4" />
    </sympin>
    <sympin number="5" originx="900" originy="-300" rotation="0" length="100" width="7.8740157480315" flipped="False">
      <text name="pinname" originx="870" originy="-300" style="Default" rotation="0" justify="right" flipped="False" hidden="False" data="S_1" />
      <text name="pindes" originx="960" originy="-280" style="Default" rotation="0" justify="lowerleft" flipped="False" hidden="False" data="5" />
    </sympin>
    <sympin number="6" originx="900" originy="-200" rotation="0" length="100" width="7.8740157480315" flipped="False">
      <text name="pinname" originx="870" originy="-200" style="Default" rotation="0" justify="right" flipped="False" hidden="False" data="S_2" />
      <text name="pindes" originx="960" originy="-180" style="Default" rotation="0" justify="lowerleft" flipped="False" hidden="False" data="6" />
    </sympin>
    <sympin number="7" originx="900" originy="-100" rotation="0" length="100" width="7.8740157480315" flipped="False">
      <text name="pinname" originx="870" originy="-100" style="Default" rotation="0" justify="right" flipped="False" hidden="False" data="S_3" />
      <text name="pindes" originx="960" originy="-80" style="Default" rotation="0" justify="lowerleft" flipped="False" hidden="False" data="7" />
    </sympin>
    <sympin number="8" originx="900" originy="0" rotation="0" length="100" width="7.8740157480315" flipped="False">
      <text name="pinname" originx="870" originy="0" style="Default" rotation="0" justify="right" flipped="False" hidden="False" data="S_4" />
      <text name="pindes" originx="960" originy="20" style="Default" rotation="0" justify="lowerleft" flipped="False" hidden="False" data="8" />
    </sympin>
  </symbol>
  <component name="TNY274GN-TL" designatorprefix="IC" height="156.69291338582" footprint="TNY274GNTL">
    <comppin designator="1" sympin="1" pinswap="0" gateswap="0" gate="1" group="1" side="" type="Any" name="EN/UV" />
    <comppin designator="2" sympin="2" pinswap="0" gateswap="0" gate="1" group="1" side="" type="Any" name="BP/M" />
    <comppin designator="4" sympin="4" pinswap="0" gateswap="0" gate="1" group="1" side="" type="Any" name="D" />
    <comppin designator="5" sympin="5" pinswap="0" gateswap="0" gate="1" group="1" side="" type="Any" name="S_1" />
    <comppin designator="6" sympin="6" pinswap="0" gateswap="0" gate="1" group="1" side="" type="Any" name="S_2" />
    <comppin designator="7" sympin="7" pinswap="0" gateswap="0" gate="1" group="1" side="" type="Any" name="S_3" />
    <comppin designator="8" sympin="8" pinswap="0" gateswap="0" gate="1" group="1" side="" type="Any" name="S_4" />
    <attached_symbol gate="1" name="TNY274GN-TL" />
    <pinmap designator="1" footprintpin="1" />
    <pinmap designator="2" footprintpin="2" />
    <pinmap designator="4" footprintpin="3" />
    <pinmap designator="5" footprintpin="4" />
    <pinmap designator="6" footprintpin="5" />
    <pinmap designator="7" footprintpin="6" />
    <pinmap designator="8" footprintpin="7" />
    <text name="Datasheet" originx="0" originy="0" style="Default" rotation="0" justify="" flipped="False" hidden="True" data="https://www.power.com/sites/default/files/product-docs/tny274-280.pdf" />
    <text name="Description" originx="0" originy="0" style="Default" rotation="0" justify="" flipped="False" hidden="True" data="AC/DC Converters 8.5W 85-265 VAC 11W/230 VAC" />
    <text name="Mouser Part Number" originx="0" originy="0" style="Default" rotation="0" justify="" flipped="False" hidden="True" data="869-TNY274GN-TL" />
    <text name="Mouser Price/Stock" originx="0" originy="0" style="Default" rotation="0" justify="" flipped="False" hidden="True" data="https://www.mouser.co.uk/ProductDetail/Power-Integrations/TNY274GN-TL?qs=%252Bk6%2F5FB6qrlpHJoVM01SMg%3D%3D" />
    <text name="Manufacturer_Name" originx="0" originy="0" style="Default" rotation="0" justify="" flipped="False" hidden="True" data="Power Integrations" />
    <text name="Manufacturer_Part_Number" originx="950" originy="200" style="Default" rotation="0" justify="left" flipped="False" hidden="False" data="TNY274GN-TL" />
  </component>
</quadcept_library>
