<?xml version="1.0" encoding="utf-8"?>
<!--/617337/1753220/2.50/8/4/Integrated Circuit/-->
<quadcept_library>
  <setting unit="mil" />
  <textstyle name="Default" height="47.244094488189" strokewidth="7.8740157480315" charwidth="47.244094488189" />
  <textstyle name="Dimension" height="19.6850393700787" strokewidth="0" charwidth="19.6850393700787" />
  <textstyle name="H127W0635TH00762" height="50" strokewidth="3" charwidth="25" />
  <textstyle name="H15W15TH02" height="59.0551181102362" strokewidth="7.8740157480315" charwidth="59.0551181102362" />
  <padstyle name="r210_145" surface="True" plated="False" isvia="False" nopaste="False" nomask="True" complex="False" holesize="0">
    <padshape layer="TOP" shape="rectangle" width="57.086614173228" height="82.67716535433" />
    <padshape layer="TOP_SOLDER_MASK" shape="rectangle" width="64.960629921259" height="90.551181102361" />
    <padshape layer="TOP_SOLDER_PASTE" shape="rectangle" width="57.086614173228" height="82.67716535433" />
  </padstyle>
  <footprint name="SOP254P1016X460-8N" originx="0" originy="0" pickpointx="0" pickpointy="0">
    <pcbpin number="1" name="1" style="r210_145" originx="-179.13385826771" originy="150" rotation="90" />
    <pcbpin number="2" name="2" style="r210_145" originx="-179.13385826771" originy="49.999999999999" rotation="90" />
    <pcbpin number="3" name="3" style="r210_145" originx="-179.13385826771" originy="-49.999999999999" rotation="90" />
    <pcbpin number="4" name="4" style="r210_145" originx="-179.13385826771" originy="-150" rotation="90" />
    <pcbpin number="5" name="5" style="r210_145" originx="179.13385826771" originy="-150" rotation="90" />
    <pcbpin number="6" name="6" style="r210_145" originx="179.13385826771" originy="-49.999999999999" rotation="90" />
    <pcbpin number="7" name="7" style="r210_145" originx="179.13385826771" originy="49.999999999999" rotation="90" />
    <pcbpin number="8" name="8" style="r210_145" originx="179.13385826771" originy="150" rotation="90" />
    <line layer="TOP_PLACE_BOUND" originx="-230.31496062992" originy="210.23622047244" endx="230.31496062992" endy="210.23622047244" width="1.9685039370079" />
    <line layer="TOP_PLACE_BOUND" originx="230.31496062992" originy="210.23622047244" endx="230.31496062992" endy="-210.23622047244" width="1.9685039370079" />
    <line layer="TOP_PLACE_BOUND" originx="230.31496062992" originy="-210.23622047244" endx="-230.31496062992" endy="-210.23622047244" width="1.9685039370079" />
    <line layer="TOP_PLACE_BOUND" originx="-230.31496062992" originy="-210.23622047244" endx="-230.31496062992" endy="210.23622047244" width="1.9685039370079" />
    <line layer="TOP_ASSEMBLY" originx="-127.95275590551" originy="190.55118110236" endx="127.95275590551" endy="190.55118110236" width="3.9370078740157" />
    <line layer="TOP_ASSEMBLY" originx="127.95275590551" originy="190.55118110236" endx="127.95275590551" endy="-190.55118110236" width="3.9370078740157" />
    <line layer="TOP_ASSEMBLY" originx="127.95275590551" originy="-190.55118110236" endx="-127.95275590551" endy="-190.55118110236" width="3.9370078740157" />
    <line layer="TOP_ASSEMBLY" originx="-127.95275590551" originy="-190.55118110236" endx="-127.95275590551" endy="190.55118110236" width="3.9370078740157" />
    <line layer="TOP_ASSEMBLY" originx="-127.95275590551" originy="90.551181102361" endx="-27.952755905511" endy="190.55118110236" width="3.9370078740157" />
    <line layer="TOP_SILKSCREEN" originx="-124.01574803149" originy="190.55118110236" endx="124.01574803149" endy="190.55118110236" width="7.8740157480314" />
    <line layer="TOP_SILKSCREEN" originx="124.01574803149" originy="190.55118110236" endx="124.01574803149" endy="-190.55118110236" width="7.8740157480314" />
    <line layer="TOP_SILKSCREEN" originx="124.01574803149" originy="-190.55118110236" endx="-124.01574803149" endy="-190.55118110236" width="7.8740157480314" />
    <line layer="TOP_SILKSCREEN" originx="-124.01574803149" originy="-190.55118110236" endx="-124.01574803149" endy="190.55118110236" width="7.8740157480314" />
    <line layer="TOP_SILKSCREEN" originx="-220.47244094488" originy="192.32283464567" endx="-137.79527559055" endy="192.32283464567" width="7.8740157480314" />
  </footprint>
  <symbol name="6N137S-TA1" originx="0" originy="0">
    <line originx="200" originy="100" endx="1000" endy="100" width="0" />
    <line originx="1000" originy="-400" endx="1000" endy="100" width="0" />
    <line originx="1000" originy="-400" endx="200" endy="-400" width="0" />
    <line originx="200" originy="100" endx="200" endy="-400" width="0" />
    <sympin number="1" originx="200" originy="0" rotation="180" length="100" width="7.8740157480315" flipped="False">
      <text name="pinname" originx="230" originy="0" style="Default" rotation="0" justify="left" flipped="False" hidden="False" data="NC_1" />
      <text name="pindes" originx="140" originy="20" style="Default" rotation="0" justify="lowerright" flipped="False" hidden="False" data="1" />
    </sympin>
    <sympin number="2" originx="200" originy="-100" rotation="180" length="100" width="7.8740157480315" flipped="False">
      <text name="pinname" originx="230" originy="-100" style="Default" rotation="0" justify="left" flipped="False" hidden="False" data="ANODE" />
      <text name="pindes" originx="140" originy="-80" style="Default" rotation="0" justify="lowerright" flipped="False" hidden="False" data="2" />
    </sympin>
    <sympin number="3" originx="200" originy="-200" rotation="180" length="100" width="7.8740157480315" flipped="False">
      <text name="pinname" originx="230" originy="-200" style="Default" rotation="0" justify="left" flipped="False" hidden="False" data="CATHODE" />
      <text name="pindes" originx="140" originy="-180" style="Default" rotation="0" justify="lowerright" flipped="False" hidden="False" data="3" />
    </sympin>
    <sympin number="4" originx="200" originy="-300" rotation="180" length="100" width="7.8740157480315" flipped="False">
      <text name="pinname" originx="230" originy="-300" style="Default" rotation="0" justify="left" flipped="False" hidden="False" data="NC_2" />
      <text name="pindes" originx="140" originy="-280" style="Default" rotation="0" justify="lowerright" flipped="False" hidden="False" data="4" />
    </sympin>
    <sympin number="8" originx="1000" originy="0" rotation="0" length="100" width="7.8740157480315" flipped="False">
      <text name="pinname" originx="970" originy="0" style="Default" rotation="0" justify="right" flipped="False" hidden="False" data="VCC" />
      <text name="pindes" originx="1060" originy="20" style="Default" rotation="0" justify="lowerleft" flipped="False" hidden="False" data="8" />
    </sympin>
    <sympin number="7" originx="1000" originy="-100" rotation="0" length="100" width="7.8740157480315" flipped="False">
      <text name="pinname" originx="970" originy="-100" style="Default" rotation="0" justify="right" flipped="False" hidden="False" data="VE" />
      <text name="pindes" originx="1060" originy="-80" style="Default" rotation="0" justify="lowerleft" flipped="False" hidden="False" data="7" />
    </sympin>
    <sympin number="6" originx="1000" originy="-200" rotation="0" length="100" width="7.8740157480315" flipped="False">
      <text name="pinname" originx="970" originy="-200" style="Default" rotation="0" justify="right" flipped="False" hidden="False" data="VO" />
      <text name="pindes" originx="1060" originy="-180" style="Default" rotation="0" justify="lowerleft" flipped="False" hidden="False" data="6" />
    </sympin>
    <sympin number="5" originx="1000" originy="-300" rotation="0" length="100" width="7.8740157480315" flipped="False">
      <text name="pinname" originx="970" originy="-300" style="Default" rotation="0" justify="right" flipped="False" hidden="False" data="GND" />
      <text name="pindes" originx="1060" originy="-280" style="Default" rotation="0" justify="lowerleft" flipped="False" hidden="False" data="5" />
    </sympin>
  </symbol>
  <component name="6N137S-TA1" designatorprefix="IC" height="181.10236220472" footprint="SOP254P1016X460-8N">
    <comppin designator="1" sympin="1" pinswap="0" gateswap="0" gate="1" group="1" side="" type="Any" name="NC_1" />
    <comppin designator="2" sympin="2" pinswap="0" gateswap="0" gate="1" group="1" side="" type="Any" name="ANODE" />
    <comppin designator="3" sympin="3" pinswap="0" gateswap="0" gate="1" group="1" side="" type="Any" name="CATHODE" />
    <comppin designator="4" sympin="4" pinswap="0" gateswap="0" gate="1" group="1" side="" type="Any" name="NC_2" />
    <comppin designator="5" sympin="5" pinswap="0" gateswap="0" gate="1" group="1" side="" type="Any" name="GND" />
    <comppin designator="6" sympin="6" pinswap="0" gateswap="0" gate="1" group="1" side="" type="Any" name="VO" />
    <comppin designator="7" sympin="7" pinswap="0" gateswap="0" gate="1" group="1" side="" type="Any" name="VE" />
    <comppin designator="8" sympin="8" pinswap="0" gateswap="0" gate="1" group="1" side="" type="Any" name="VCC" />
    <attached_symbol gate="1" name="6N137S-TA1" />
    <pinmap designator="1" footprintpin="1" />
    <pinmap designator="2" footprintpin="2" />
    <pinmap designator="3" footprintpin="3" />
    <pinmap designator="4" footprintpin="4" />
    <pinmap designator="5" footprintpin="5" />
    <pinmap designator="6" footprintpin="6" />
    <pinmap designator="7" footprintpin="7" />
    <pinmap designator="8" footprintpin="8" />
    <text name="Datasheet" originx="0" originy="0" style="Default" rotation="0" justify="" flipped="False" hidden="True" data="" />
    <text name="Description" originx="0" originy="0" style="Default" rotation="0" justify="" flipped="False" hidden="True" data="High Speed Optocouplers High Speed 10MBd LogicGate Output" />
    <text name="Mouser Part Number" originx="0" originy="0" style="Default" rotation="0" justify="" flipped="False" hidden="True" data="859-6N137STA1" />
    <text name="Mouser Price/Stock" originx="0" originy="0" style="Default" rotation="0" justify="" flipped="False" hidden="True" data="https://www.mouser.co.uk/ProductDetail/Lite-On/6N137S-TA1?qs=PByDJ0nQNwrChwHSrgNi1w%3D%3D" />
    <text name="Manufacturer_Name" originx="0" originy="0" style="Default" rotation="0" justify="" flipped="False" hidden="True" data="Lite-On" />
    <text name="Manufacturer_Part_Number" originx="1050" originy="200" style="Default" rotation="0" justify="left" flipped="False" hidden="False" data="6N137S-TA1" />
  </component>
</quadcept_library>
