<?xml version="1.0" encoding="utf-8"?>
<!--/1082703/1753220/2.50/6/4/Integrated Circuit/-->
<quadcept_library>
  <setting unit="mil" />
  <textstyle name="Default" height="47.244094488189" strokewidth="7.8740157480315" charwidth="47.244094488189" />
  <textstyle name="Dimension" height="19.6850393700787" strokewidth="0" charwidth="19.6850393700787" />
  <textstyle name="H127W0635TH00762" height="50" strokewidth="3" charwidth="25" />
  <textstyle name="H15W15TH02" height="59.0551181102362" strokewidth="7.8740157480315" charwidth="59.0551181102362" />
  <padstyle name="r432_102" surface="True" plated="False" isvia="False" nopaste="False" nomask="True" complex="False" holesize="0">
    <padshape layer="TOP" shape="rectangle" width="40.15748031496" height="170.07874015748" />
    <padshape layer="TOP_SOLDER_MASK" shape="rectangle" width="48.031496062992" height="177.95275590551" />
    <padshape layer="TOP_SOLDER_PASTE" shape="rectangle" width="40.15748031496" height="170.07874015748" />
  </padstyle>
  <padstyle name="r1118_991" surface="True" plated="False" isvia="False" nopaste="False" nomask="True" complex="False" holesize="0">
    <padshape layer="TOP" shape="rectangle" width="390.15748031496" height="440.15748031496" />
    <padshape layer="TOP_SOLDER_MASK" shape="rectangle" width="398.03149606299" height="448.03149606299" />
    <padshape layer="TOP_SOLDER_PASTE" shape="rectangle" width="390.15748031496" height="440.15748031496" />
  </padstyle>
  <footprint name="MIC29302WU" originx="0" originy="0" pickpointx="0" pickpointy="0">
    <pcbpin number="1" name="1" style="r432_102" originx="-133.85826771653" originy="-472.44094488188" rotation="0" />
    <pcbpin number="2" name="2" style="r432_102" originx="-66.929133858267" originy="-472.44094488188" rotation="0" />
    <pcbpin number="3" name="3" style="r432_102" originx="0" originy="-472.44094488188" rotation="0" />
    <pcbpin number="4" name="4" style="r432_102" originx="66.929133858267" originy="-472.44094488188" rotation="0" />
    <pcbpin number="5" name="5" style="r432_102" originx="133.85826771653" originy="-472.44094488188" rotation="0" />
    <pcbpin number="6" name="6" style="r1118_991" originx="0" originy="-112.40157480315" rotation="90" />
    <line layer="TOP_ASSEMBLY" originx="-203.97637795275" originy="0" endx="203.97637795275" endy="0" width="7.8740157480314" />
    <line layer="TOP_ASSEMBLY" originx="203.97637795275" originy="0" endx="203.97637795275" endy="-345.66929133858" width="7.8740157480314" />
    <line layer="TOP_ASSEMBLY" originx="203.97637795275" originy="-345.66929133858" endx="-203.97637795275" endy="-345.66929133858" width="7.8740157480314" />
    <line layer="TOP_ASSEMBLY" originx="-203.97637795275" originy="-345.66929133858" endx="-203.97637795275" endy="0" width="7.8740157480314" />
    <line layer="TOP_PLACE_BOUND" originx="-259.44881889763" originy="122.04724409449" endx="259.44881889763" endy="122.04724409449" width="3.9370078740157" />
    <line layer="TOP_PLACE_BOUND" originx="259.44881889763" originy="122.04724409449" endx="259.44881889763" endy="-618.11023622046" width="3.9370078740157" />
    <line layer="TOP_PLACE_BOUND" originx="259.44881889763" originy="-618.11023622046" endx="-259.44881889763" endy="-618.11023622046" width="3.9370078740157" />
    <line layer="TOP_PLACE_BOUND" originx="-259.44881889763" originy="-618.11023622046" endx="-259.44881889763" endy="122.04724409449" width="3.9370078740157" />
    <line layer="TOP_SILKSCREEN" originx="-204.72440944882" originy="-314.96062992126" endx="-204.72440944882" endy="-345.66929133858" width="3.9370078740157" />
    <line layer="TOP_SILKSCREEN" originx="-204.72440944882" originy="-345.66929133858" endx="203.97637795275" endy="-345.66929133858" width="3.9370078740157" />
    <line layer="TOP_SILKSCREEN" originx="203.97637795275" originy="-345.66929133858" endx="203.97637795275" endy="-314.96062992126" width="3.9370078740157" />
    <line layer="TOP_SILKSCREEN" originx="-141.73228346457" originy="-574.80314960629" endx="-141.73228346457" endy="-574.80314960629" width="7.8740157480314" />
    <arc layer="TOP_SILKSCREEN" originx="-137.79527559055" originy="-574.80314960629" startangle="180.0" sweepangle="-180.0" radius="3.9370078740157" width="7.8740157480314" />
    <line layer="TOP_SILKSCREEN" originx="-133.85826771653" originy="-574.80314960629" endx="-133.85826771653" endy="-574.80314960629" width="7.8740157480314" />
    <arc layer="TOP_SILKSCREEN" originx="-137.79527559055" originy="-574.80314960629" startangle=".0" sweepangle="-180.0" radius="3.9370078740157" width="7.8740157480314" />
  </footprint>
  <symbol name="LM2575-3.3WU-TR" originx="0" originy="0">
    <line originx="200" originy="100" endx="1000" endy="100" width="0" />
    <line originx="1000" originy="-500" endx="1000" endy="100" width="0" />
    <line originx="1000" originy="-500" endx="200" endy="-500" width="0" />
    <line originx="200" originy="100" endx="200" endy="-500" width="0" />
    <sympin number="1" originx="200" originy="0" rotation="180" length="100" width="7.8740157480315" flipped="False">
      <text name="pinname" originx="230" originy="0" style="Default" rotation="0" justify="left" flipped="False" hidden="False" data="VIN" />
      <text name="pindes" originx="140" originy="20" style="Default" rotation="0" justify="lowerright" flipped="False" hidden="False" data="1" />
    </sympin>
    <sympin number="2" originx="200" originy="-100" rotation="180" length="100" width="7.8740157480315" flipped="False">
      <text name="pinname" originx="230" originy="-100" style="Default" rotation="0" justify="left" flipped="False" hidden="False" data="OUT" />
      <text name="pindes" originx="140" originy="-80" style="Default" rotation="0" justify="lowerright" flipped="False" hidden="False" data="2" />
    </sympin>
    <sympin number="3" originx="200" originy="-200" rotation="180" length="100" width="7.8740157480315" flipped="False">
      <text name="pinname" originx="230" originy="-200" style="Default" rotation="0" justify="left" flipped="False" hidden="False" data="GND" />
      <text name="pindes" originx="140" originy="-180" style="Default" rotation="0" justify="lowerright" flipped="False" hidden="False" data="3" />
    </sympin>
    <sympin number="4" originx="200" originy="-300" rotation="180" length="100" width="7.8740157480315" flipped="False">
      <text name="pinname" originx="230" originy="-300" style="Default" rotation="0" justify="left" flipped="False" hidden="False" data="FB" />
      <text name="pindes" originx="140" originy="-280" style="Default" rotation="0" justify="lowerright" flipped="False" hidden="False" data="4" />
    </sympin>
    <sympin number="5" originx="200" originy="-400" rotation="180" length="100" width="7.8740157480315" flipped="False">
      <text name="pinname" originx="230" originy="-400" style="Default" rotation="0" justify="left" flipped="False" hidden="False" data="\ON\/OFF" />
      <text name="pindes" originx="140" originy="-380" style="Default" rotation="0" justify="lowerright" flipped="False" hidden="False" data="5" />
    </sympin>
    <sympin number="6" originx="1000" originy="0" rotation="0" length="100" width="7.8740157480315" flipped="False">
      <text name="pinname" originx="970" originy="0" style="Default" rotation="0" justify="right" flipped="False" hidden="False" data="TAB" />
      <text name="pindes" originx="1060" originy="20" style="Default" rotation="0" justify="lowerleft" flipped="False" hidden="False" data="6" />
    </sympin>
  </symbol>
  <component name="LM2575-3.3WU-TR" designatorprefix="IC" height="157.48031496063" footprint="MIC29302WU">
    <comppin designator="1" sympin="1" pinswap="0" gateswap="0" gate="1" group="1" side="" type="Any" name="VIN" />
    <comppin designator="2" sympin="2" pinswap="0" gateswap="0" gate="1" group="1" side="" type="Any" name="OUT" />
    <comppin designator="3" sympin="3" pinswap="0" gateswap="0" gate="1" group="1" side="" type="Any" name="GND" />
    <comppin designator="4" sympin="4" pinswap="0" gateswap="0" gate="1" group="1" side="" type="Any" name="FB" />
    <comppin designator="5" sympin="5" pinswap="0" gateswap="0" gate="1" group="1" side="" type="Any" name="|ON|/OFF" />
    <comppin designator="6" sympin="6" pinswap="0" gateswap="0" gate="1" group="1" side="" type="Any" name="TAB" />
    <attached_symbol gate="1" name="LM2575-3.3WU-TR" />
    <pinmap designator="1" footprintpin="1" />
    <pinmap designator="2" footprintpin="2" />
    <pinmap designator="3" footprintpin="3" />
    <pinmap designator="4" footprintpin="4" />
    <pinmap designator="5" footprintpin="5" />
    <pinmap designator="6" footprintpin="6" />
    <text name="Datasheet" originx="0" originy="0" style="Default" rotation="0" justify="" flipped="False" hidden="True" data="http://www.microchip.com/mymicrochip/filehandler.aspx?ddocname=en579004" />
    <text name="Description" originx="0" originy="0" style="Default" rotation="0" justify="" flipped="False" hidden="True" data="Switching Voltage Regulators" />
    <text name="Mouser Part Number" originx="0" originy="0" style="Default" rotation="0" justify="" flipped="False" hidden="True" data="998-LM2575-3.3WUTR" />
    <text name="Mouser Price/Stock" originx="0" originy="0" style="Default" rotation="0" justify="" flipped="False" hidden="True" data="https://www.mouser.co.uk/ProductDetail/Microchip-Technology/LM2575-3.3WU-TR?qs=Y3Q3JoKAO1TNQ1s9ijuGrQ%3D%3D" />
    <text name="Manufacturer_Name" originx="0" originy="0" style="Default" rotation="0" justify="" flipped="False" hidden="True" data="Microchip" />
    <text name="Manufacturer_Part_Number" originx="1050" originy="200" style="Default" rotation="0" justify="left" flipped="False" hidden="False" data="LM2575-3.3WU-TR" />
  </component>
</quadcept_library>
