<?xml version="1.0" encoding="utf-8"?>
<!--/398529/1753220/2.50/2/3/Zener Diode/-->
<quadcept_library>
  <setting unit="mil" />
  <textstyle name="Default" height="47.244094488189" strokewidth="7.8740157480315" charwidth="47.244094488189" />
  <textstyle name="Dimension" height="19.6850393700787" strokewidth="0" charwidth="19.6850393700787" />
  <textstyle name="H127W0635TH00762" height="50" strokewidth="3" charwidth="25" />
  <textstyle name="H15W15TH02" height="59.0551181102362" strokewidth="7.8740157480315" charwidth="59.0551181102362" />
  <padstyle name="c120_h80" surface="False" plated="True" isvia="False" nopaste="True" nomask="True" complex="False" holesize="31.496062992126">
    <padshape layer="TOP" shape="round" width="47.244094488188" height="47.244094488188" />
    <padshape layer="TOP_SOLDER_MASK" shape="round" width="55.11811023622" height="55.11811023622" />
    <padshape layer="INNER" shape="round" width="47.244094488188" height="47.244094488188" />
    <padshape layer="BOTTOM" shape="round" width="47.244094488188" height="47.244094488188" />
    <padshape layer="BOTTOM_SOLDER_MASK" shape="round" width="55.11811023622" height="55.11811023622" />
  </padstyle>
  <padstyle name="s120_h80" surface="False" plated="True" isvia="False" nopaste="True" nomask="True" complex="False" holesize="31.496062992126">
    <padshape layer="TOP" shape="square" width="47.244094488188" height="47.244094488188" />
    <padshape layer="TOP_SOLDER_MASK" shape="square" width="55.11811023622" height="55.11811023622" />
    <padshape layer="INNER" shape="round" width="47.244094488188" height="47.244094488188" />
    <padshape layer="BOTTOM" shape="square" width="47.244094488188" height="47.244094488188" />
    <padshape layer="BOTTOM_SOLDER_MASK" shape="square" width="55.11811023622" height="55.11811023622" />
  </padstyle>
  <footprint name="DIOAD950W60L350D150" originx="0" originy="0" pickpointx="0" pickpointy="0">
    <pcbpin number="1" name="1" style="s120_h80" originx="0" originy="0" rotation="90" />
    <pcbpin number="2" name="2" style="c120_h80" originx="374.01574803149" originy="0" rotation="90" />
    <line layer="TOP_PLACE_BOUND" originx="-33.464566929133" originy="43.307086614173" endx="407.48031496062" endy="43.307086614173" width="1.9685039370079" />
    <line layer="TOP_PLACE_BOUND" originx="407.48031496062" originy="43.307086614173" endx="407.48031496062" endy="-43.307086614173" width="1.9685039370079" />
    <line layer="TOP_PLACE_BOUND" originx="407.48031496062" originy="-43.307086614173" endx="-33.464566929133" endy="-43.307086614173" width="1.9685039370079" />
    <line layer="TOP_PLACE_BOUND" originx="-33.464566929133" originy="-43.307086614173" endx="-33.464566929133" endy="43.307086614173" width="1.9685039370079" />
    <line layer="TOP_ASSEMBLY" originx="118.11023622047" originy="29.527559055118" endx="255.90551181102" endy="29.527559055118" width="3.9370078740157" />
    <line layer="TOP_ASSEMBLY" originx="255.90551181102" originy="29.527559055118" endx="255.90551181102" endy="-29.527559055118" width="3.9370078740157" />
    <line layer="TOP_ASSEMBLY" originx="255.90551181102" originy="-29.527559055118" endx="118.11023622047" endy="-29.527559055118" width="3.9370078740157" />
    <line layer="TOP_ASSEMBLY" originx="118.11023622047" originy="-29.527559055118" endx="118.11023622047" endy="29.527559055118" width="3.9370078740157" />
    <line layer="TOP_ASSEMBLY" originx="118.11023622047" originy="0" endx="147.63779527559" endy="29.527559055118" width="3.9370078740157" />
    <line layer="TOP_ASSEMBLY" originx="0" originy="0" endx="118.11023622047" endy="0" width="3.9370078740157" />
    <line layer="TOP_ASSEMBLY" originx="255.90551181102" originy="0" endx="374.01574803149" endy="0" width="3.9370078740157" />
    <line layer="TOP_SILKSCREEN" originx="118.11023622047" originy="29.527559055118" endx="255.90551181102" endy="29.527559055118" width="7.8740157480314" />
    <line layer="TOP_SILKSCREEN" originx="255.90551181102" originy="29.527559055118" endx="255.90551181102" endy="-29.527559055118" width="7.8740157480314" />
    <line layer="TOP_SILKSCREEN" originx="255.90551181102" originy="-29.527559055118" endx="118.11023622047" endy="-29.527559055118" width="7.8740157480314" />
    <line layer="TOP_SILKSCREEN" originx="118.11023622047" originy="-29.527559055118" endx="118.11023622047" endy="29.527559055118" width="7.8740157480314" />
    <line layer="TOP_SILKSCREEN" originx="118.11023622047" originy="0" endx="147.63779527559" endy="29.527559055118" width="7.8740157480314" />
    <line layer="TOP_SILKSCREEN" originx="37.401574803149" originy="0" endx="118.11023622047" endy="0" width="7.8740157480314" />
    <line layer="TOP_SILKSCREEN" originx="255.90551181102" originy="0" endx="336.61417322834" endy="0" width="7.8740157480314" />
  </footprint>
  <symbol name="BZX55C11-TR" originx="0" originy="0">
    <line originx="200" originy="80" endx="200" endy="-80" width="0" />
    <line originx="200" originy="80" endx="240" endy="100" width="0" />
    <line originx="160" originy="-100" endx="200" endy="-80" width="0" />
    <line originx="100" originy="0" endx="200" endy="0" width="0" />
    <line originx="500" originy="0" endx="400" endy="0" width="0" />
    <sympin number="1" originx="100" originy="0" rotation="180" length="100" width="7.8740157480315" flipped="False">
      <text name="pinname" originx="140" originy="10" style="Default" rotation="0" justify="left" flipped="False" hidden="True" data="K" />
      <text name="pindes" originx="60" originy="10" style="Default" rotation="0" justify="lowerright" flipped="False" hidden="False" data="1" />
    </sympin>
    <sympin number="2" originx="500" originy="0" rotation="0" length="100" width="7.8740157480315" flipped="False">
      <text name="pinname" originx="460" originy="10" style="Default" rotation="0" justify="right" flipped="False" hidden="True" data="A" />
      <text name="pindes" originx="540" originy="10" style="Default" rotation="0" justify="lowerleft" flipped="False" hidden="False" data="2" />
    </sympin>
    <polygon type="polygon">
      <point x="200" y="0" />
      <point x="400" y="100" />
      <point x="400" y="-100" />
    </polygon>
  </symbol>
  <component name="BZX55C11-TR" designatorprefix="Z" height="0" footprint="DIOAD950W60L350D150">
    <comppin designator="1" sympin="1" pinswap="0" gateswap="0" gate="1" group="1" side="" type="Any" name="K" />
    <comppin designator="2" sympin="2" pinswap="0" gateswap="0" gate="1" group="1" side="" type="Any" name="A" />
    <attached_symbol gate="1" name="BZX55C11-TR" />
    <pinmap designator="1" footprintpin="1" />
    <pinmap designator="2" footprintpin="2" />
    <text name="Datasheet" originx="0" originy="0" style="Default" rotation="0" justify="" flipped="False" hidden="True" data="https://componentsearchengine.com/Datasheets/1/BZX55C11-TR.pdf" />
    <text name="Description" originx="0" originy="0" style="Default" rotation="0" justify="" flipped="False" hidden="True" data="Vishay BZX55C11-TR Zener Diode, 11V 5% 0.5 W Through Hole 2-Pin DO-35" />
    <text name="Mouser Part Number" originx="0" originy="0" style="Default" rotation="0" justify="" flipped="False" hidden="True" data="78-BZX55C11" />
    <text name="Mouser Price/Stock" originx="0" originy="0" style="Default" rotation="0" justify="" flipped="False" hidden="True" data="https://www.mouser.com/Search/Refine.aspx?Keyword=78-BZX55C11" />
    <text name="Manufacturer_Name" originx="0" originy="0" style="Default" rotation="0" justify="" flipped="False" hidden="True" data="Vishay" />
    <text name="Manufacturer_Part_Number" originx="400" originy="250" style="Default" rotation="0" justify="left" flipped="False" hidden="False" data="BZX55C11-TR" />
  </component>
</quadcept_library>
