<?xml version="1.0" encoding="utf-8"?>
<!--/314284/1753220/2.50/7/4/Switch/-->
<quadcept_library>
  <setting unit="mil" />
  <textstyle name="Default" height="47.244094488189" strokewidth="7.8740157480315" charwidth="47.244094488189" />
  <textstyle name="Dimension" height="19.6850393700787" strokewidth="0" charwidth="19.6850393700787" />
  <textstyle name="H127W0635TH00762" height="50" strokewidth="3" charwidth="25" />
  <textstyle name="H15W15TH02" height="59.0551181102362" strokewidth="7.8740157480315" charwidth="59.0551181102362" />
  <padstyle name="c138_h88" surface="False" plated="True" isvia="False" nopaste="True" nomask="True" complex="False" holesize="34.645669291338">
    <padshape layer="TOP" shape="round" width="54.330708661417" height="54.330708661417" />
    <padshape layer="TOP_SOLDER_MASK" shape="round" width="62.204724409448" height="62.204724409448" />
    <padshape layer="INNER" shape="round" width="54.330708661417" height="54.330708661417" />
    <padshape layer="BOTTOM" shape="round" width="54.330708661417" height="54.330708661417" />
    <padshape layer="BOTTOM_SOLDER_MASK" shape="round" width="62.204724409448" height="62.204724409448" />
  </padstyle>
  <footprint name="DIP-8C" originx="0" originy="0" pickpointx="0" pickpointy="0">
    <pcbpin number="1" name="8" style="c138_h88" originx="-49.999999999999" originy="0" rotation="90" />
    <pcbpin number="2" name="7" style="c138_h88" originx="49.999999999999" originy="0" rotation="90" />
    <pcbpin number="3" name="6" style="c138_h88" originx="150" originy="0" rotation="90" />
    <pcbpin number="4" name="5" style="c138_h88" originx="250" originy="0" rotation="90" />
    <pcbpin number="5" name="1" style="c138_h88" originx="-49.999999999999" originy="-300" rotation="90" />
    <pcbpin number="6" name="2" style="c138_h88" originx="49.999999999999" originy="-300" rotation="90" />
    <pcbpin number="7" name="4" style="c138_h88" originx="250" originy="-300" rotation="90" />
    <line layer="TOP_ASSEMBLY" originx="-85.826771653542" originy="-25" endx="285.82677165354" endy="-25" width="7.8740157480314" />
    <line layer="TOP_ASSEMBLY" originx="285.82677165354" originy="-25" endx="285.82677165354" endy="-275" width="7.8740157480314" />
    <line layer="TOP_ASSEMBLY" originx="285.82677165354" originy="-275" endx="-85.826771653542" endy="-275" width="7.8740157480314" />
    <line layer="TOP_ASSEMBLY" originx="-85.826771653542" originy="-275" endx="-85.826771653542" endy="-25" width="7.8740157480314" />
    <line layer="TOP_SILKSCREEN" originx="-85.826771653542" originy="-275" endx="-85.826771653542" endy="-25" width="7.8740157480314" />
    <line layer="TOP_SILKSCREEN" originx="285.82677165354" originy="-25" endx="285.82677165354" endy="-275" width="7.8740157480314" />
    <line layer="TOP_SILKSCREEN" originx="73.661417322834" originy="-275" endx="225.82677165354" endy="-275" width="7.8740157480314" />
    <line layer="TOP_SILKSCREEN" originx="-27.55905511811" originy="-25" endx="27.55905511811" endy="-25" width="7.8740157480314" />
    <line layer="TOP_SILKSCREEN" originx="72.440944881889" originy="-25" endx="127.55905511811" endy="-25" width="7.8740157480314" />
    <line layer="TOP_SILKSCREEN" originx="172.44094488189" originy="-25" endx="227.55905511811" endy="-25" width="7.8740157480314" />
    <arc layer="TOP_SILKSCREEN" originx="-94.960629921259" originy="-326.45669291338" startangle="180" sweepangle="180" radius="2.8106299212598" width="7.8740157480314" />
    <arc layer="TOP_SILKSCREEN" originx="-94.960629921259" originy="-326.45669291338" startangle="180" sweepangle="-180" radius="2.8106299212598" width="7.8740157480314" />
  </footprint>
  <symbol name="TNY280PN" originx="0" originy="0">
    <line originx="200" originy="300" endx="1000" endy="300" width="0" />
    <line originx="1000" originy="-400" endx="1000" endy="300" width="0" />
    <line originx="1000" originy="-400" endx="200" endy="-400" width="0" />
    <line originx="200" originy="300" endx="200" endy="-400" width="0" />
    <sympin number="1" originx="1000" originy="0" rotation="0" length="100" width="7.8740157480315" flipped="False">
      <text name="pinname" originx="970" originy="0" style="Default" rotation="0" justify="right" flipped="False" hidden="False" data="EN/UV" />
      <text name="pindes" originx="1060" originy="20" style="Default" rotation="0" justify="lowerleft" flipped="False" hidden="False" data="1" />
    </sympin>
    <sympin number="2" originx="200" originy="0" rotation="180" length="100" width="7.8740157480315" flipped="False">
      <text name="pinname" originx="230" originy="0" style="Default" rotation="0" justify="left" flipped="False" hidden="False" data="BP/M" />
      <text name="pindes" originx="140" originy="20" style="Default" rotation="0" justify="lowerright" flipped="False" hidden="False" data="2" />
    </sympin>
    <sympin number="4" originx="600" originy="300" rotation="90" length="100" width="7.8740157480315" flipped="False">
      <text name="pinname" originx="600" originy="270" style="Default" rotation="0" justify="right" flipped="False" hidden="False" data="D" />
      <text name="pindes" originx="580" originy="360" style="Default" rotation="0" justify="lowerleft" flipped="False" hidden="False" data="4" />
    </sympin>
    <sympin number="5" originx="400" originy="-400" rotation="270" length="100" width="7.8740157480315" flipped="False">
      <text name="pinname" originx="400" originy="-370" style="Default" rotation="0" justify="left" flipped="False" hidden="False" data="S_1" />
      <text name="pindes" originx="380" originy="-460" style="Default" rotation="0" justify="lowerright" flipped="False" hidden="False" data="5" />
    </sympin>
    <sympin number="6" originx="500" originy="-400" rotation="270" length="100" width="7.8740157480315" flipped="False">
      <text name="pinname" originx="500" originy="-370" style="Default" rotation="0" justify="left" flipped="False" hidden="False" data="S_2" />
      <text name="pindes" originx="480" originy="-460" style="Default" rotation="0" justify="lowerright" flipped="False" hidden="False" data="6" />
    </sympin>
    <sympin number="7" originx="600" originy="-400" rotation="270" length="100" width="7.8740157480315" flipped="False">
      <text name="pinname" originx="600" originy="-370" style="Default" rotation="0" justify="left" flipped="False" hidden="False" data="S_3" />
      <text name="pindes" originx="580" originy="-460" style="Default" rotation="0" justify="lowerright" flipped="False" hidden="False" data="7" />
    </sympin>
    <sympin number="8" originx="700" originy="-400" rotation="270" length="100" width="7.8740157480315" flipped="False">
      <text name="pinname" originx="700" originy="-370" style="Default" rotation="0" justify="left" flipped="False" hidden="False" data="S_4" />
      <text name="pindes" originx="680" originy="-460" style="Default" rotation="0" justify="lowerright" flipped="False" hidden="False" data="8" />
    </sympin>
  </symbol>
  <component name="TNY280PN" designatorprefix="S" height="0" footprint="DIP-8C">
    <comppin designator="1" sympin="1" pinswap="0" gateswap="0" gate="1" group="1" side="" type="Any" name="EN/UV" />
    <comppin designator="2" sympin="2" pinswap="0" gateswap="0" gate="1" group="1" side="" type="Any" name="BP/M" />
    <comppin designator="4" sympin="4" pinswap="0" gateswap="0" gate="1" group="1" side="" type="Any" name="D" />
    <comppin designator="5" sympin="5" pinswap="0" gateswap="0" gate="1" group="1" side="" type="Any" name="S_1" />
    <comppin designator="6" sympin="6" pinswap="0" gateswap="0" gate="1" group="1" side="" type="Any" name="S_2" />
    <comppin designator="7" sympin="7" pinswap="0" gateswap="0" gate="1" group="1" side="" type="Any" name="S_3" />
    <comppin designator="8" sympin="8" pinswap="0" gateswap="0" gate="1" group="1" side="" type="Any" name="S_4" />
    <attached_symbol gate="1" name="TNY280PN" />
    <pinmap designator="1" footprintpin="1" />
    <pinmap designator="2" footprintpin="2" />
    <pinmap designator="4" footprintpin="3" />
    <pinmap designator="5" footprintpin="4" />
    <pinmap designator="6" footprintpin="5" />
    <pinmap designator="7" footprintpin="6" />
    <pinmap designator="8" footprintpin="7" />
    <text name="Datasheet" originx="0" originy="0" style="Default" rotation="0" justify="" flipped="False" hidden="True" data="https://www.digikey.ph/en/products/detail/power-integrations/TNY280PN/1007189?msockid=39f1ec84d77b6f4428b7f904d6676eed" />
    <text name="Description" originx="0" originy="0" style="Default" rotation="0" justify="" flipped="False" hidden="True" data="Power Integrations TNY280PN Intelligent Power Switch, Off Line Switcher, 2550mA, 28.5W 8-Pin, DIPC" />
    <text name="Mouser Part Number" originx="0" originy="0" style="Default" rotation="0" justify="" flipped="False" hidden="True" data="869-TNY280PN" />
    <text name="Mouser Price/Stock" originx="0" originy="0" style="Default" rotation="0" justify="" flipped="False" hidden="True" data="https://www.mouser.co.uk/ProductDetail/Power-Integrations/TNY280PN?qs=WS5Jv%252B%252Bx1qW1eUCHvoKBfA%3D%3D" />
    <text name="Manufacturer_Name" originx="0" originy="0" style="Default" rotation="0" justify="" flipped="False" hidden="True" data="Power Integrations" />
    <text name="Manufacturer_Part_Number" originx="1050" originy="400" style="Default" rotation="0" justify="left" flipped="False" hidden="False" data="TNY280PN" />
  </component>
</quadcept_library>
