<?xml version="1.0" encoding="utf-8"?>
<!--/1297075/1753220/2.50/4/4/Filter/-->
<quadcept_library>
  <setting unit="mil" />
  <textstyle name="Default" height="47.244094488189" strokewidth="7.8740157480315" charwidth="47.244094488189" />
  <textstyle name="Dimension" height="19.6850393700787" strokewidth="0" charwidth="19.6850393700787" />
  <textstyle name="H127W0635TH00762" height="50" strokewidth="3" charwidth="25" />
  <textstyle name="H15W15TH02" height="59.0551181102362" strokewidth="7.8740157480315" charwidth="59.0551181102362" />
  <padstyle name="r445_152" surface="True" plated="False" isvia="False" nopaste="False" nomask="True" complex="False" holesize="0">
    <padshape layer="TOP" shape="rectangle" width="59.842519685039" height="175.1968503937" />
    <padshape layer="TOP_SOLDER_MASK" shape="rectangle" width="67.71653543307" height="183.07086614173" />
    <padshape layer="TOP_SOLDER_PASTE" shape="rectangle" width="59.842519685039" height="175.1968503937" />
  </padstyle>
  <footprint name="PA2750NL" originx="0" originy="0" pickpointx="0" pickpointy="0">
    <pcbpin number="1" name="1" style="r445_152" originx="-185.03937007874" originy="304.92125984252" rotation="90" />
    <pcbpin number="2" name="2" style="r445_152" originx="-185.03937007874" originy="-304.92125984252" rotation="90" />
    <pcbpin number="3" name="3" style="r445_152" originx="185.03937007874" originy="304.92125984252" rotation="90" />
    <pcbpin number="4" name="4" style="r445_152" originx="185.03937007874" originy="-304.92125984252" rotation="90" />
    <line layer="TOP_ASSEMBLY" originx="-295.07874015748" originy="357.48031496063" endx="295.07874015748" endy="357.48031496063" width="7.8740157480314" />
    <line layer="TOP_ASSEMBLY" originx="295.07874015748" originy="357.48031496063" endx="295.07874015748" endy="-357.48031496063" width="7.8740157480314" />
    <line layer="TOP_ASSEMBLY" originx="295.07874015748" originy="-357.48031496063" endx="-295.07874015748" endy="-357.48031496063" width="7.8740157480314" />
    <line layer="TOP_ASSEMBLY" originx="-295.07874015748" originy="-357.48031496063" endx="-295.07874015748" endy="357.48031496063" width="7.8740157480314" />
    <line layer="TOP_SILKSCREEN" originx="-295.07874015748" originy="357.48031496063" endx="295.07874015748" endy="357.48031496063" width="3.9370078740157" />
    <line layer="TOP_SILKSCREEN" originx="295.07874015748" originy="357.48031496063" endx="295.07874015748" endy="-357.48031496063" width="3.9370078740157" />
    <line layer="TOP_SILKSCREEN" originx="295.07874015748" originy="-357.48031496063" endx="-295.07874015748" endy="-357.48031496063" width="3.9370078740157" />
    <line layer="TOP_SILKSCREEN" originx="-295.07874015748" originy="-357.48031496063" endx="-295.07874015748" endy="357.48031496063" width="3.9370078740157" />
    <line layer="TOP_PLACE_BOUND" originx="-381.88976377952" originy="396.85039370078" endx="334.44881889763" endy="396.85039370078" width="3.9370078740157" />
    <line layer="TOP_PLACE_BOUND" originx="334.44881889763" originy="396.85039370078" endx="334.44881889763" endy="-396.85039370078" width="3.9370078740157" />
    <line layer="TOP_PLACE_BOUND" originx="334.44881889763" originy="-396.85039370078" endx="-381.88976377952" endy="-396.85039370078" width="3.9370078740157" />
    <line layer="TOP_PLACE_BOUND" originx="-381.88976377952" originy="-396.85039370078" endx="-381.88976377952" endy="396.85039370078" width="3.9370078740157" />
    <line layer="TOP_SILKSCREEN" originx="-338.58267716535" originy="314.96062992126" endx="-338.58267716535" endy="314.96062992126" width="7.8740157480314" />
    <arc layer="TOP_SILKSCREEN" originx="-338.58267716535" originy="311.02362204724" startangle="90.0" sweepangle="180.0" radius="3.9370078740157" width="7.8740157480314" />
    <line layer="TOP_SILKSCREEN" originx="-338.58267716535" originy="307.08661417322" endx="-338.58267716535" endy="307.08661417322" width="7.8740157480314" />
    <arc layer="TOP_SILKSCREEN" originx="-338.58267716535" originy="311.02362204724" startangle="-90.0" sweepangle="180.0" radius="3.9370078740157" width="7.8740157480314" />
  </footprint>
  <symbol name="PA2750NL" originx="0" originy="0">
    <line originx="200" originy="100" endx="1000" endy="100" width="0" />
    <line originx="1000" originy="-200" endx="1000" endy="100" width="0" />
    <line originx="1000" originy="-200" endx="200" endy="-200" width="0" />
    <line originx="200" originy="100" endx="200" endy="-200" width="0" />
    <sympin number="1" originx="200" originy="0" rotation="180" length="100" width="7.8740157480315" flipped="False">
      <text name="pinname" originx="230" originy="0" style="Default" rotation="0" justify="left" flipped="False" hidden="False" data="PRI_1" />
      <text name="pindes" originx="140" originy="20" style="Default" rotation="0" justify="lowerright" flipped="False" hidden="False" data="1" />
    </sympin>
    <sympin number="2" originx="200" originy="-100" rotation="180" length="100" width="7.8740157480315" flipped="False">
      <text name="pinname" originx="230" originy="-100" style="Default" rotation="0" justify="left" flipped="False" hidden="False" data="PRI_2" />
      <text name="pindes" originx="140" originy="-80" style="Default" rotation="0" justify="lowerright" flipped="False" hidden="False" data="2" />
    </sympin>
    <sympin number="3" originx="1000" originy="0" rotation="0" length="100" width="7.8740157480315" flipped="False">
      <text name="pinname" originx="970" originy="0" style="Default" rotation="0" justify="right" flipped="False" hidden="False" data="SEC_1" />
      <text name="pindes" originx="1060" originy="20" style="Default" rotation="0" justify="lowerleft" flipped="False" hidden="False" data="3" />
    </sympin>
    <sympin number="4" originx="1000" originy="-100" rotation="0" length="100" width="7.8740157480315" flipped="False">
      <text name="pinname" originx="970" originy="-100" style="Default" rotation="0" justify="right" flipped="False" hidden="False" data="SEC_2" />
      <text name="pindes" originx="1060" originy="-80" style="Default" rotation="0" justify="lowerleft" flipped="False" hidden="False" data="4" />
    </sympin>
  </symbol>
  <component name="PA2750NL" designatorprefix="FL" height="393.70078740157" footprint="PA2750NL">
    <comppin designator="1" sympin="1" pinswap="0" gateswap="0" gate="1" group="1" side="" type="Any" name="PRI_1" />
    <comppin designator="2" sympin="2" pinswap="0" gateswap="0" gate="1" group="1" side="" type="Any" name="PRI_2" />
    <comppin designator="3" sympin="3" pinswap="0" gateswap="0" gate="1" group="1" side="" type="Any" name="SEC_1" />
    <comppin designator="4" sympin="4" pinswap="0" gateswap="0" gate="1" group="1" side="" type="Any" name="SEC_2" />
    <attached_symbol gate="1" name="PA2750NL" />
    <pinmap designator="1" footprintpin="1" />
    <pinmap designator="2" footprintpin="2" />
    <pinmap designator="3" footprintpin="3" />
    <pinmap designator="4" footprintpin="4" />
    <text name="Datasheet" originx="0" originy="0" style="Default" rotation="0" justify="" flipped="False" hidden="True" data="https://www.arrow.com/en/products/pa2750nl/pulse-electronics-corporation" />
    <text name="Description" originx="0" originy="0" style="Default" rotation="0" justify="" flipped="False" hidden="True" data="Common Mode Chokes / Filters 9.4mOhms 400uH 6A SMD Toroid Choke" />
    <text name="Mouser Part Number" originx="0" originy="0" style="Default" rotation="0" justify="" flipped="False" hidden="True" data="673-PA2750NL" />
    <text name="Mouser Price/Stock" originx="0" originy="0" style="Default" rotation="0" justify="" flipped="False" hidden="True" data="https://www.mouser.co.uk/ProductDetail/Pulse-Electronics/PA2750NL?qs=%252BUGZmmosPSKMfqU1auiJGA%3D%3D" />
    <text name="Manufacturer_Name" originx="0" originy="0" style="Default" rotation="0" justify="" flipped="False" hidden="True" data="PULSE" />
    <text name="Manufacturer_Part_Number" originx="1050" originy="200" style="Default" rotation="0" justify="left" flipped="False" hidden="False" data="PA2750NL" />
  </component>
</quadcept_library>
