<?xml version="1.0" encoding="utf-8"?>
<!--/662681/1753220/2.50/2/2/Capacitor/-->
<quadcept_library>
  <setting unit="mil" />
  <textstyle name="Default" height="47.244094488189" strokewidth="7.8740157480315" charwidth="47.244094488189" />
  <textstyle name="Dimension" height="19.6850393700787" strokewidth="0" charwidth="19.6850393700787" />
  <textstyle name="H127W0635TH00762" height="50" strokewidth="3" charwidth="25" />
  <textstyle name="H15W15TH02" height="59.0551181102362" strokewidth="7.8740157480315" charwidth="59.0551181102362" />
  <padstyle name="s130_h80" surface="False" plated="True" isvia="False" nopaste="True" nomask="True" complex="False" holesize="31.496062992126">
    <padshape layer="TOP" shape="square" width="51.181102362204" height="51.181102362204" />
    <padshape layer="TOP_SOLDER_MASK" shape="square" width="59.055118110235" height="59.055118110235" />
    <padshape layer="INNER" shape="square" width="51.181102362204" height="51.181102362204" />
    <padshape layer="BOTTOM" shape="square" width="51.181102362204" height="51.181102362204" />
    <padshape layer="BOTTOM_SOLDER_MASK" shape="square" width="59.055118110235" height="59.055118110235" />
  </padstyle>
  <padstyle name="c130_h80" surface="False" plated="True" isvia="False" nopaste="True" nomask="True" complex="False" holesize="31.496062992126">
    <padshape layer="TOP" shape="round" width="51.181102362204" height="51.181102362204" />
    <padshape layer="TOP_SOLDER_MASK" shape="round" width="59.055118110235" height="59.055118110235" />
    <padshape layer="INNER" shape="round" width="51.181102362204" height="51.181102362204" />
    <padshape layer="BOTTOM" shape="round" width="51.181102362204" height="51.181102362204" />
    <padshape layer="BOTTOM_SOLDER_MASK" shape="round" width="59.055118110235" height="59.055118110235" />
  </padstyle>
  <footprint name="R46KI310050M1K" originx="0" originy="0" pickpointx="0" pickpointy="0">
    <pcbpin number="1" name="1" style="s130_h80" originx="0" originy="0" rotation="90" />
    <pcbpin number="2" name="2" style="c130_h80" originx="590.55118110236" originy="0" rotation="90" />
    <line layer="TOP_ASSEMBLY" originx="-59.055118110235" originy="98.425196850392" endx="649.60629921259" endy="98.425196850392" width="3.9370078740157" />
    <line layer="TOP_ASSEMBLY" originx="649.60629921259" originy="98.425196850392" endx="649.60629921259" endy="-98.425196850392" width="3.9370078740157" />
    <line layer="TOP_ASSEMBLY" originx="649.60629921259" originy="-98.425196850392" endx="-59.055118110235" endy="-98.425196850392" width="3.9370078740157" />
    <line layer="TOP_ASSEMBLY" originx="-59.055118110235" originy="-98.425196850392" endx="-59.055118110235" endy="98.425196850392" width="3.9370078740157" />
    <line layer="TOP_SILKSCREEN" originx="-59.055118110235" originy="98.425196850392" endx="649.60629921259" endy="98.425196850392" width="7.8740157480314" />
    <line layer="TOP_SILKSCREEN" originx="649.60629921259" originy="98.425196850392" endx="649.60629921259" endy="-98.425196850392" width="7.8740157480314" />
    <line layer="TOP_SILKSCREEN" originx="649.60629921259" originy="-98.425196850392" endx="-59.055118110235" endy="-98.425196850392" width="7.8740157480314" />
    <line layer="TOP_SILKSCREEN" originx="-59.055118110235" originy="-98.425196850392" endx="-59.055118110235" endy="98.425196850392" width="7.8740157480314" />
    <line layer="TOP_PLACE_BOUND" originx="-98.425196850392" originy="137.79527559055" endx="688.97637795275" endy="137.79527559055" width="3.9370078740157" />
    <line layer="TOP_PLACE_BOUND" originx="688.97637795275" originy="137.79527559055" endx="688.97637795275" endy="-137.79527559055" width="3.9370078740157" />
    <line layer="TOP_PLACE_BOUND" originx="688.97637795275" originy="-137.79527559055" endx="-98.425196850392" endy="-137.79527559055" width="3.9370078740157" />
    <line layer="TOP_PLACE_BOUND" originx="-98.425196850392" originy="-137.79527559055" endx="-98.425196850392" endy="137.79527559055" width="3.9370078740157" />
    <line layer="TOP_SILKSCREEN" originx="-78.740157480314" originy="0" endx="-78.740157480314" endy="0" width="3.9370078740157" />
    <arc layer="TOP_SILKSCREEN" originx="-80.708661417322" originy="0" startangle=".0" sweepangle="180.0" radius="1.9685039370079" width="3.9370078740157" />
    <line layer="TOP_SILKSCREEN" originx="-82.67716535433" originy="0" endx="-82.67716535433" endy="0" width="3.9370078740157" />
    <arc layer="TOP_SILKSCREEN" originx="-80.708661417322" originy="0" startangle="180.0" sweepangle="180.0" radius="1.9685039370079" width="3.9370078740157" />
  </footprint>
  <symbol name="R46KI310050M1K" originx="0" originy="0">
    <line originx="220" originy="100" endx="220" endy="-100" width="0" />
    <line originx="280" originy="100" endx="280" endy="-100" width="0" />
    <line originx="200" originy="0" endx="220" endy="0" width="0" />
    <line originx="280" originy="0" endx="300" endy="0" width="0" />
    <sympin number="1" originx="200" originy="0" rotation="180" length="100" width="7.8740157480315" flipped="False">
      <text name="pinname" originx="0" originy="-10" style="Default" rotation="0" justify="upperleft" flipped="False" hidden="True" data="1" />
      <text name="pindes" originx="0" originy="10" style="Default" rotation="0" justify="lowerleft" flipped="False" hidden="False" data="1" />
    </sympin>
    <sympin number="2" originx="300" originy="0" rotation="0" length="100" width="7.8740157480315" flipped="False">
      <text name="pinname" originx="500" originy="-10" style="Default" rotation="0" justify="upperright" flipped="False" hidden="True" data="2" />
      <text name="pindes" originx="500" originy="10" style="Default" rotation="0" justify="lowerright" flipped="False" hidden="False" data="2" />
    </sympin>
  </symbol>
  <component name="R46KI310050M1K" designatorprefix="C" height="437.00787401574" footprint="R46KI310050M1K">
    <comppin designator="1" sympin="1" pinswap="0" gateswap="0" gate="1" group="1" side="" type="Any" name="1" />
    <comppin designator="2" sympin="2" pinswap="0" gateswap="0" gate="1" group="1" side="" type="Any" name="2" />
    <attached_symbol gate="1" name="R46KI310050M1K" />
    <pinmap designator="1" footprintpin="1" />
    <pinmap designator="2" footprintpin="2" />
    <text name="Datasheet" originx="0" originy="0" style="Default" rotation="0" justify="" flipped="False" hidden="True" data="https://search.kemet.com/component-documentation/download/specsheet/R46KI310050M1K" />
    <text name="Description" originx="0" originy="0" style="Default" rotation="0" justify="" flipped="False" hidden="True" data="R46 275 VAC, Film, Metallized Polypropylene, Safety, 0.1 uF, 10%, 275 VAC (X2), 560 VDC, 110C, 15mm" />
    <text name="Mouser Part Number" originx="0" originy="0" style="Default" rotation="0" justify="" flipped="False" hidden="True" data="80-R46KI310050M1K" />
    <text name="Mouser Price/Stock" originx="0" originy="0" style="Default" rotation="0" justify="" flipped="False" hidden="True" data="https://www.mouser.co.uk/ProductDetail/KEMET/R46KI310050M1K/?qs=D0iH%252BVFiYPMp3c4CZzIXlA%3D%3D" />
    <text name="Manufacturer_Name" originx="0" originy="0" style="Default" rotation="0" justify="" flipped="False" hidden="True" data="KEMET" />
    <text name="Manufacturer_Part_Number" originx="350" originy="150" style="Default" rotation="0" justify="left" flipped="False" hidden="False" data="R46KI310050M1K" />
  </component>
</quadcept_library>
