<?xml version="1.0" encoding="utf-8"?>
<!--/621921/1753220/2.50/2/4/Inductor/-->
<quadcept_library>
  <setting unit="mil" />
  <textstyle name="Default" height="47.244094488189" strokewidth="7.8740157480315" charwidth="47.244094488189" />
  <textstyle name="Dimension" height="19.6850393700787" strokewidth="0" charwidth="19.6850393700787" />
  <textstyle name="H127W0635TH00762" height="50" strokewidth="3" charwidth="25" />
  <textstyle name="H15W15TH02" height="59.0551181102362" strokewidth="7.8740157480315" charwidth="59.0551181102362" />
  <padstyle name="r300_290" surface="True" plated="False" isvia="False" nopaste="False" nomask="True" complex="False" holesize="0">
    <padshape layer="TOP" shape="rectangle" width="114.17322834646" height="118.11023622047" />
    <padshape layer="TOP_SOLDER_MASK" shape="rectangle" width="122.04724409449" height="125.9842519685" />
    <padshape layer="TOP_SOLDER_PASTE" shape="rectangle" width="114.17322834646" height="118.11023622047" />
  </padstyle>
  <footprint name="PM5022331MRC" originx="0" originy="0" pickpointx="0" pickpointy="0">
    <pcbpin number="1" name="1" style="r300_290" originx="-309.05511811023" originy="0" rotation="90" />
    <pcbpin number="2" name="2" style="r300_290" originx="309.05511811023" originy="0" rotation="90" />
    <line layer="TOP_PLACE_BOUND" originx="-407.48031496062" originy="323.42519685039" endx="407.48031496062" endy="323.42519685039" width="3.9370078740157" />
    <line layer="TOP_PLACE_BOUND" originx="407.48031496062" originy="323.42519685039" endx="407.48031496062" endy="-323.42519685039" width="3.9370078740157" />
    <line layer="TOP_PLACE_BOUND" originx="407.48031496062" originy="-323.42519685039" endx="-407.48031496062" endy="-323.42519685039" width="3.9370078740157" />
    <line layer="TOP_PLACE_BOUND" originx="-407.48031496062" originy="-323.42519685039" endx="-407.48031496062" endy="323.42519685039" width="3.9370078740157" />
    <line layer="TOP_ASSEMBLY" originx="-360.23622047244" originy="110.23622047244" endx="-180.11811023622" endy="229.72440944882" width="3.9370078740157" />
    <line layer="TOP_ASSEMBLY" originx="-180.11811023622" originy="229.72440944882" endx="-180.11811023622" endy="229.72440944882" width="3.9370078740157" />
    <arc layer="TOP_ASSEMBLY" originx="0" originy="-41.771653543307" startangle="123.6" sweepangle="-67.1" radius="325.82677165354" width="3.9370078740157" />
    <line layer="TOP_ASSEMBLY" originx="180.11811023622" originy="229.72440944882" endx="360.23622047244" endy="110.23622047244" width="3.9370078740157" />
    <line layer="TOP_ASSEMBLY" originx="360.23622047244" originy="110.23622047244" endx="360.23622047244" endy="-110.23622047244" width="3.9370078740157" />
    <line layer="TOP_ASSEMBLY" originx="360.23622047244" originy="-110.23622047244" endx="180.11811023622" endy="-229.72440944882" width="3.9370078740157" />
    <line layer="TOP_ASSEMBLY" originx="180.11811023622" originy="-229.72440944882" endx="180.11811023622" endy="-229.72440944882" width="3.9370078740157" />
    <arc layer="TOP_ASSEMBLY" originx="0" originy="41.771653543307" startangle="-56.4" sweepangle="-67.1" radius="325.82677165354" width="3.9370078740157" />
    <line layer="TOP_ASSEMBLY" originx="-180.11811023622" originy="-229.72440944882" endx="-360.23622047244" endy="-110.23622047244" width="3.9370078740157" />
    <line layer="TOP_ASSEMBLY" originx="-360.23622047244" originy="-110.23622047244" endx="-360.23622047244" endy="110.23622047244" width="3.9370078740157" />
    <line layer="TOP_SILKSCREEN" originx="360.23622047244" originy="-110.23622047244" endx="360.23622047244" endy="-78.740157480314" width="7.8740157480314" />
    <line layer="TOP_SILKSCREEN" originx="360.23622047244" originy="110.23622047244" endx="360.23622047244" endy="78.740157480314" width="7.8740157480314" />
    <line layer="TOP_SILKSCREEN" originx="-360.23622047244" originy="-110.23622047244" endx="-360.23622047244" endy="-78.740157480314" width="7.8740157480314" />
    <line layer="TOP_SILKSCREEN" originx="-360.23622047244" originy="110.23622047244" endx="-360.23622047244" endy="78.740157480314" width="7.8740157480314" />
    <line layer="TOP_SILKSCREEN" originx="-385.82677165354" originy="0" endx="-385.82677165354" endy="0" width="3.9370078740157" />
    <arc layer="TOP_SILKSCREEN" originx="-387.79527559055" originy="0" startangle=".0" sweepangle="180.0" radius="1.9685039370079" width="3.9370078740157" />
    <line layer="TOP_SILKSCREEN" originx="-389.76377952755" originy="0" endx="-389.76377952755" endy="0" width="3.9370078740157" />
    <arc layer="TOP_SILKSCREEN" originx="-387.79527559055" originy="0" startangle="180.0" sweepangle="180.0" radius="1.9685039370079" width="3.9370078740157" />
  </footprint>
  <symbol name="PM5022-331M-RC" originx="0" originy="0">
    <arc originx="250" originy="-2" startangle="177.7" sweepangle="-175.4" radius="50" width="0" />
    <arc originx="350" originy="-2" startangle="177.7" sweepangle="-175.4" radius="50" width="0" />
    <arc originx="450" originy="-2" startangle="177.7" sweepangle="-175.4" radius="50" width="0" />
    <arc originx="550" originy="-2" startangle="177.7" sweepangle="-175.4" radius="50" width="0" />
    <sympin number="1" originx="200" originy="0" rotation="180" length="100" width="7.8740157480315" flipped="False">
      <text name="pinname" originx="0" originy="-10" style="Default" rotation="0" justify="upperleft" flipped="False" hidden="True" data="1" />
      <text name="pindes" originx="0" originy="10" style="Default" rotation="0" justify="lowerleft" flipped="False" hidden="False" data="1" />
    </sympin>
    <sympin number="2" originx="600" originy="0" rotation="0" length="100" width="7.8740157480315" flipped="False">
      <text name="pinname" originx="800" originy="-10" style="Default" rotation="0" justify="upperright" flipped="False" hidden="True" data="2" />
      <text name="pindes" originx="800" originy="10" style="Default" rotation="0" justify="lowerright" flipped="False" hidden="False" data="2" />
    </sympin>
  </symbol>
  <component name="PM5022-331M-RC" designatorprefix="L" height="271.65354330708" footprint="PM5022331MRC">
    <comppin designator="1" sympin="1" pinswap="0" gateswap="0" gate="1" group="1" side="" type="Any" name="1" />
    <comppin designator="2" sympin="2" pinswap="0" gateswap="0" gate="1" group="1" side="" type="Any" name="2" />
    <attached_symbol gate="1" name="PM5022-331M-RC" />
    <pinmap designator="1" footprintpin="1" />
    <pinmap designator="2" footprintpin="2" />
    <text name="Datasheet" originx="0" originy="0" style="Default" rotation="0" justify="" flipped="False" hidden="True" data="https://datasheet.datasheetarchive.com/originals/distributors/Datasheets-DGA11/2187790.pdf" />
    <text name="Description" originx="0" originy="0" style="Default" rotation="0" justify="" flipped="False" hidden="True" data="Fixed Inductors 330uH 20% ,," />
    <text name="Mouser Part Number" originx="0" originy="0" style="Default" rotation="0" justify="" flipped="False" hidden="True" data="542-PM5022-331M-RC" />
    <text name="Mouser Price/Stock" originx="0" originy="0" style="Default" rotation="0" justify="" flipped="False" hidden="True" data="https://www.mouser.co.uk/ProductDetail/Bourns/PM5022-331M-RC?qs=zx6%2FfhZlzQrZDwlBjem2zw%3D%3D" />
    <text name="Manufacturer_Name" originx="0" originy="0" style="Default" rotation="0" justify="" flipped="False" hidden="True" data="Bourns" />
    <text name="Manufacturer_Part_Number" originx="650" originy="150" style="Default" rotation="0" justify="left" flipped="False" hidden="False" data="PM5022-331M-RC" />
  </component>
</quadcept_library>
