<?xml version="1.0" encoding="utf-8"?>
<!--/19852077/1753220/2.50/3/3/MOSFET (N-Channel)/-->
<quadcept_library>
  <setting unit="mil" />
  <textstyle name="Default" height="47.244094488189" strokewidth="7.8740157480315" charwidth="47.244094488189" />
  <textstyle name="Dimension" height="19.6850393700787" strokewidth="0" charwidth="19.6850393700787" />
  <textstyle name="H127W0635TH00762" height="50" strokewidth="3" charwidth="25" />
  <textstyle name="H15W15TH02" height="59.0551181102362" strokewidth="7.8740157480315" charwidth="59.0551181102362" />
  <padstyle name="c253.5_h169" surface="False" plated="True" isvia="False" nopaste="True" nomask="True" complex="False" holesize="66.535433070865">
    <padshape layer="TOP" shape="round" width="99.803149606298" height="99.803149606298" />
    <padshape layer="TOP_SOLDER_MASK" shape="round" width="107.67716535433" height="107.67716535433" />
    <padshape layer="INNER" shape="round" width="99.803149606298" height="99.803149606298" />
    <padshape layer="BOTTOM" shape="round" width="99.803149606298" height="99.803149606298" />
    <padshape layer="BOTTOM_SOLDER_MASK" shape="round" width="107.67716535433" height="107.67716535433" />
  </padstyle>
  <padstyle name="s253.5_h169" surface="False" plated="True" isvia="False" nopaste="True" nomask="True" complex="False" holesize="66.535433070865">
    <padshape layer="TOP" shape="square" width="99.803149606298" height="99.803149606298" />
    <padshape layer="TOP_SOLDER_MASK" shape="square" width="107.67716535433" height="107.67716535433" />
    <padshape layer="INNER" shape="round" width="99.803149606298" height="99.803149606298" />
    <padshape layer="BOTTOM" shape="square" width="99.803149606298" height="99.803149606298" />
    <padshape layer="BOTTOM_SOLDER_MASK" shape="square" width="107.67716535433" height="107.67716535433" />
  </padstyle>
  <footprint name="TO544P521X1592X2557-3P" originx="0" originy="0" pickpointx="0" pickpointy="0">
    <pcbpin number="1" name="1" style="s253.5_h169" originx="0" originy="0" rotation="90" />
    <pcbpin number="2" name="2" style="c253.5_h169" originx="214.17322834645" originy="0" rotation="90" />
    <pcbpin number="3" name="3" style="c253.5_h169" originx="428.34645669291" originy="0" rotation="90" />
    <line layer="TOP_PLACE_BOUND" originx="-113.18897637795" originy="109.84251968504" endx="541.53543307086" endy="109.84251968504" width="1.9685039370079" />
    <line layer="TOP_PLACE_BOUND" originx="541.53543307086" originy="109.84251968504" endx="541.53543307086" endy="-114.96062992126" width="1.9685039370079" />
    <line layer="TOP_PLACE_BOUND" originx="541.53543307086" originy="-114.96062992126" endx="-113.18897637795" endy="-114.96062992126" width="1.9685039370079" />
    <line layer="TOP_PLACE_BOUND" originx="-113.18897637795" originy="-114.96062992126" endx="-113.18897637795" endy="109.84251968504" width="1.9685039370079" />
    <line layer="TOP_ASSEMBLY" originx="-103.34645669291" originy="99.999999999999" endx="531.69291338582" endy="99.999999999999" width="3.9370078740157" />
    <line layer="TOP_ASSEMBLY" originx="531.69291338582" originy="99.999999999999" endx="531.69291338582" endy="-105.11811023622" width="3.9370078740157" />
    <line layer="TOP_ASSEMBLY" originx="531.69291338582" originy="-105.11811023622" endx="-103.34645669291" endy="-105.11811023622" width="3.9370078740157" />
    <line layer="TOP_ASSEMBLY" originx="-103.34645669291" originy="-105.11811023622" endx="-103.34645669291" endy="99.999999999999" width="3.9370078740157" />
    <line layer="TOP_ASSEMBLY" originx="-103.34645669291" originy="-7.0866141732283" endx="3.7401574803149" endy="99.999999999999" width="3.9370078740157" />
    <line layer="TOP_SILKSCREEN" originx="531.69291338582" originy="-105.11811023622" endx="531.69291338582" endy="99.999999999999" width="7.8740157480314" />
    <line layer="TOP_SILKSCREEN" originx="531.69291338582" originy="99.999999999999" endx="-103.34645669291" endy="99.999999999999" width="7.8740157480314" />
    <line layer="TOP_SILKSCREEN" originx="-103.34645669291" originy="99.999999999999" endx="-103.34645669291" endy="0" width="7.8740157480314" />
  </footprint>
  <symbol name="IPW60R037CM8XKSA1" originx="0" originy="0">
    <line originx="300" originy="100" endx="300" endy="-100" width="0" />
    <line originx="300" originy="200" endx="300" endy="300" width="0" />
    <line originx="100" originy="0" endx="200" endy="0" width="0" />
    <line originx="200" originy="200" endx="200" endy="0" width="0" />
    <line originx="300" originy="100" endx="230" endy="100" width="0" />
    <line originx="300" originy="200" endx="230" endy="200" width="0" />
    <line originx="230" originy="0" endx="300" endy="0" width="0" />
    <line originx="230" originy="220" endx="230" endy="180" width="0" />
    <line originx="230" originy="-20" endx="230" endy="20" width="0" />
    <line originx="230" originy="80" endx="230" endy="120" width="0" />
    <arc originx="250" originy="100" startangle="180" sweepangle="180" radius="150" width="0" />
    <arc originx="250" originy="100" startangle="180" sweepangle="-180" radius="150" width="0" />
    <sympin number="1" originx="100" originy="0" rotation="180" length="100" width="7.8740157480315" flipped="False">
      <text name="pinname" originx="0" originy="-20" style="Default" rotation="0" justify="upperleft" flipped="False" hidden="True" data="G" />
      <text name="pindes" originx="80" originy="10" style="Default" rotation="0" justify="lowerright" flipped="False" hidden="False" data="1" />
    </sympin>
    <sympin number="2" originx="300" originy="300" rotation="90" length="100" width="7.8740157480315" flipped="False">
      <text name="pinname" originx="320" originy="400" style="Default" rotation="90" justify="upperleft" flipped="False" hidden="True" data="D" />
      <text name="pindes" originx="280" originy="400" style="Default" rotation="90" justify="upperright" flipped="False" hidden="False" data="2" />
    </sympin>
    <sympin number="3" originx="300" originy="-100" rotation="270" length="100" width="7.8740157480315" flipped="False">
      <text name="pinname" originx="320" originy="-200" style="Default" rotation="90" justify="lowerleft" flipped="False" hidden="True" data="S" />
      <text name="pindes" originx="280" originy="-200" style="Default" rotation="90" justify="lowerright" flipped="False" hidden="False" data="3" />
    </sympin>
    <polygon type="polygon">
      <point x="230" y="100" />
      <point x="270" y="120" />
      <point x="270" y="80" />
    </polygon>
  </symbol>
  <component name="IPW60R037CM8XKSA1" designatorprefix="Q" height="205.11811023622" footprint="TO544P521X1592X2557-3P">
    <comppin designator="1" sympin="1" pinswap="0" gateswap="0" gate="1" group="1" side="" type="Any" name="G" />
    <comppin designator="2" sympin="2" pinswap="0" gateswap="0" gate="1" group="1" side="" type="Any" name="D" />
    <comppin designator="3" sympin="3" pinswap="0" gateswap="0" gate="1" group="1" side="" type="Any" name="S" />
    <attached_symbol gate="1" name="IPW60R037CM8XKSA1" />
    <pinmap designator="1" footprintpin="1" />
    <pinmap designator="2" footprintpin="2" />
    <pinmap designator="3" footprintpin="3" />
    <text name="Datasheet" originx="0" originy="0" style="Default" rotation="0" justify="" flipped="False" hidden="True" data="" />
    <text name="Description" originx="0" originy="0" style="Default" rotation="0" justify="" flipped="False" hidden="True" data="Suitableforhardandsoftswitchingtopologiesthankstoan outstandingcommutationruggedness Significantreductionofswitchingandconductionlosses BestinclassRDS(on)perpackageproductsenabledbyultralowRDS(on)*A" />
    <text name="Mouser Part Number" originx="0" originy="0" style="Default" rotation="0" justify="" flipped="False" hidden="True" data="726-IPW60R037CM8XKSA" />
    <text name="Mouser Price/Stock" originx="0" originy="0" style="Default" rotation="0" justify="" flipped="False" hidden="True" data="https://www.mouser.co.uk/ProductDetail/Infineon-Technologies/IPW60R037CM8XKSA1?qs=2wMNvWM5ZX6iR5SSpR9OjA%3D%3D" />
    <text name="Manufacturer_Name" originx="0" originy="0" style="Default" rotation="0" justify="" flipped="False" hidden="True" data="Infineon" />
    <text name="Manufacturer_Part_Number" originx="450" originy="50" style="Default" rotation="0" justify="left" flipped="False" hidden="False" data="IPW60R037CM8XKSA1" />
  </component>
</quadcept_library>
