<?xml version="1.0" encoding="utf-8"?>
<!--/414491/1753220/2.50/7/4/Integrated Circuit/-->
<quadcept_library>
  <setting unit="mil" />
  <textstyle name="Default" height="47.244094488189" strokewidth="7.8740157480315" charwidth="47.244094488189" />
  <textstyle name="Dimension" height="19.6850393700787" strokewidth="0" charwidth="19.6850393700787" />
  <textstyle name="H127W0635TH00762" height="50" strokewidth="3" charwidth="25" />
  <textstyle name="H15W15TH02" height="59.0551181102362" strokewidth="7.8740157480315" charwidth="59.0551181102362" />
  <padstyle name="r216_107" surface="True" plated="False" isvia="False" nopaste="False" nomask="True" complex="False" holesize="0">
    <padshape layer="TOP" shape="rectangle" width="42.125984251968" height="85.039370078739" />
    <padshape layer="TOP_SOLDER_MASK" shape="rectangle" width="49.999999999999" height="92.913385826771" />
    <padshape layer="TOP_SOLDER_PASTE" shape="rectangle" width="42.125984251968" height="85.039370078739" />
  </padstyle>
  <padstyle name="r1080_191" surface="True" plated="False" isvia="False" nopaste="False" nomask="True" complex="False" holesize="0">
    <padshape layer="TOP" shape="rectangle" width="75.1968503937" height="425.1968503937" />
    <padshape layer="TOP_SOLDER_MASK" shape="rectangle" width="83.070866141731" height="433.07086614173" />
    <padshape layer="TOP_SOLDER_PASTE" shape="rectangle" width="75.1968503937" height="425.1968503937" />
  </padstyle>
  <padstyle name="r833_508" surface="True" plated="False" isvia="False" nopaste="False" nomask="True" complex="False" holesize="0">
    <padshape layer="TOP" shape="rectangle" width="200" height="327.95275590551" />
    <padshape layer="TOP_SOLDER_MASK" shape="rectangle" width="207.87401574803" height="335.82677165354" />
    <padshape layer="TOP_SOLDER_PASTE" shape="rectangle" width="200" height="327.95275590551" />
  </padstyle>
  <footprint name="LM2575HVS12NOPB" originx="0" originy="0" pickpointx="0" pickpointy="0">
    <pcbpin number="1" name="1" style="r216_107" originx="-133.85826771653" originy="-305.86614173228" rotation="0" />
    <pcbpin number="2" name="2" style="r216_107" originx="-66.929133858267" originy="-305.86614173228" rotation="0" />
    <pcbpin number="3" name="3" style="r216_107" originx="0" originy="-305.86614173228" rotation="0" />
    <pcbpin number="4" name="4" style="r216_107" originx="66.929133858267" originy="-305.86614173228" rotation="0" />
    <pcbpin number="5" name="5" style="r216_107" originx="133.85826771653" originy="-305.86614173228" rotation="0" />
    <pcbpin number="6" name="6" style="r1080_191" originx="0" originy="214.4094488189" rotation="90" />
    <pcbpin number="7" name="7" style="r833_508" originx="0" originy="76.771653543306" rotation="90" />
    <line layer="TOP_ASSEMBLY" originx="-200" originy="170.07874015748" endx="200" endy="170.07874015748" width="7.8740157480314" />
    <line layer="TOP_ASSEMBLY" originx="200" originy="170.07874015748" endx="200" endy="-170.07874015748" width="7.8740157480314" />
    <line layer="TOP_ASSEMBLY" originx="200" originy="-170.07874015748" endx="-200" endy="-170.07874015748" width="7.8740157480314" />
    <line layer="TOP_ASSEMBLY" originx="-200" originy="-170.07874015748" endx="-200" endy="170.07874015748" width="7.8740157480314" />
    <line layer="TOP_PLACE_BOUND" originx="-251.968503937" originy="291.3779527559" endx="251.968503937" endy="291.3779527559" width="3.9370078740157" />
    <line layer="TOP_PLACE_BOUND" originx="251.968503937" originy="291.3779527559" endx="251.968503937" endy="-421.25984251968" width="3.9370078740157" />
    <line layer="TOP_PLACE_BOUND" originx="251.968503937" originy="-421.25984251968" endx="-251.968503937" endy="-421.25984251968" width="3.9370078740157" />
    <line layer="TOP_PLACE_BOUND" originx="-251.968503937" originy="-421.25984251968" endx="-251.968503937" endy="291.3779527559" width="3.9370078740157" />
    <line layer="TOP_SILKSCREEN" originx="-200" originy="145.66929133858" endx="-200" endy="-170.07874015748" width="3.9370078740157" />
    <line layer="TOP_SILKSCREEN" originx="-200" originy="-170.07874015748" endx="200" endy="-169.29133858268" width="3.9370078740157" />
    <line layer="TOP_SILKSCREEN" originx="200" originy="-169.29133858268" endx="200" endy="155.51181102362" width="3.9370078740157" />
    <line layer="TOP_SILKSCREEN" originx="-137.79527559055" originy="-377.95275590551" endx="-137.79527559055" endy="-377.95275590551" width="7.8740157480314" />
    <arc layer="TOP_SILKSCREEN" originx="-137.79527559055" originy="-379.92125984251" startangle="90.0" sweepangle="180.0" radius="1.9685039370078" width="7.8740157480314" />
    <line layer="TOP_SILKSCREEN" originx="-137.79527559055" originy="-381.88976377952" endx="-137.79527559055" endy="-381.88976377952" width="7.8740157480314" />
    <arc layer="TOP_SILKSCREEN" originx="-137.79527559055" originy="-379.92125984251" startangle="-90.0" sweepangle="180.0" radius="1.9685039370078" width="7.8740157480314" />
    <line layer="TOP_SILKSCREEN" originx="-137.79527559055" originy="-377.95275590551" endx="-137.79527559055" endy="-377.95275590551" width="7.8740157480314" />
    <arc layer="TOP_SILKSCREEN" originx="-137.79527559055" originy="-379.92125984251" startangle="90.0" sweepangle="180.0" radius="1.9685039370078" width="7.8740157480314" />
  </footprint>
  <symbol name="LM2575HVS-12_NOPB" originx="0" originy="0">
    <line originx="200" originy="100" endx="1300" endy="100" width="0" />
    <line originx="1300" originy="-400" endx="1300" endy="100" width="0" />
    <line originx="1300" originy="-400" endx="200" endy="-400" width="0" />
    <line originx="200" originy="100" endx="200" endy="-400" width="0" />
    <sympin number="1" originx="200" originy="0" rotation="180" length="100" width="7.8740157480315" flipped="False">
      <text name="pinname" originx="230" originy="0" style="Default" rotation="0" justify="left" flipped="False" hidden="False" data="VIN" />
      <text name="pindes" originx="140" originy="20" style="Default" rotation="0" justify="lowerright" flipped="False" hidden="False" data="1" />
    </sympin>
    <sympin number="2" originx="200" originy="-100" rotation="180" length="100" width="7.8740157480315" flipped="False">
      <text name="pinname" originx="230" originy="-100" style="Default" rotation="0" justify="left" flipped="False" hidden="False" data="OUTPUT" />
      <text name="pindes" originx="140" originy="-80" style="Default" rotation="0" justify="lowerright" flipped="False" hidden="False" data="2" />
    </sympin>
    <sympin number="3" originx="200" originy="-200" rotation="180" length="100" width="7.8740157480315" flipped="False">
      <text name="pinname" originx="230" originy="-200" style="Default" rotation="0" justify="left" flipped="False" hidden="False" data="GROUND" />
      <text name="pindes" originx="140" originy="-180" style="Default" rotation="0" justify="lowerright" flipped="False" hidden="False" data="3" />
    </sympin>
    <sympin number="4" originx="200" originy="-300" rotation="180" length="100" width="7.8740157480315" flipped="False">
      <text name="pinname" originx="230" originy="-300" style="Default" rotation="0" justify="left" flipped="False" hidden="False" data="FEEDBACK" />
      <text name="pindes" originx="140" originy="-280" style="Default" rotation="0" justify="lowerright" flipped="False" hidden="False" data="4" />
    </sympin>
    <sympin number="5" originx="1300" originy="0" rotation="0" length="100" width="7.8740157480315" flipped="False">
      <text name="pinname" originx="1270" originy="0" style="Default" rotation="0" justify="right" flipped="False" hidden="False" data="\ON\/OFF" />
      <text name="pindes" originx="1360" originy="20" style="Default" rotation="0" justify="lowerleft" flipped="False" hidden="False" data="5" />
    </sympin>
    <sympin number="6" originx="1300" originy="-100" rotation="0" length="100" width="7.8740157480315" flipped="False">
      <text name="pinname" originx="1270" originy="-100" style="Default" rotation="0" justify="right" flipped="False" hidden="False" data="GND_1" />
      <text name="pindes" originx="1360" originy="-80" style="Default" rotation="0" justify="lowerleft" flipped="False" hidden="False" data="6" />
    </sympin>
    <sympin number="7" originx="1300" originy="-200" rotation="0" length="100" width="7.8740157480315" flipped="False">
      <text name="pinname" originx="1270" originy="-200" style="Default" rotation="0" justify="right" flipped="False" hidden="False" data="GND_2" />
      <text name="pindes" originx="1360" originy="-180" style="Default" rotation="0" justify="lowerleft" flipped="False" hidden="False" data="7" />
    </sympin>
  </symbol>
  <component name="LM2575HVS-12_NOPB" designatorprefix="IC" height="183.07086614173" footprint="LM2575HVS12NOPB">
    <comppin designator="1" sympin="1" pinswap="0" gateswap="0" gate="1" group="1" side="" type="Any" name="VIN" />
    <comppin designator="2" sympin="2" pinswap="0" gateswap="0" gate="1" group="1" side="" type="Any" name="OUTPUT" />
    <comppin designator="3" sympin="3" pinswap="0" gateswap="0" gate="1" group="1" side="" type="Any" name="GROUND" />
    <comppin designator="4" sympin="4" pinswap="0" gateswap="0" gate="1" group="1" side="" type="Any" name="FEEDBACK" />
    <comppin designator="5" sympin="5" pinswap="0" gateswap="0" gate="1" group="1" side="" type="Any" name="|ON|/OFF" />
    <comppin designator="6" sympin="6" pinswap="0" gateswap="0" gate="1" group="1" side="" type="Any" name="GND_1" />
    <comppin designator="7" sympin="7" pinswap="0" gateswap="0" gate="1" group="1" side="" type="Any" name="GND_2" />
    <attached_symbol gate="1" name="LM2575HVS-12_NOPB" />
    <pinmap designator="1" footprintpin="1" />
    <pinmap designator="2" footprintpin="2" />
    <pinmap designator="3" footprintpin="3" />
    <pinmap designator="4" footprintpin="4" />
    <pinmap designator="5" footprintpin="5" />
    <pinmap designator="6" footprintpin="6" />
    <pinmap designator="7" footprintpin="7" />
    <text name="Datasheet" originx="0" originy="0" style="Default" rotation="0" justify="" flipped="False" hidden="True" data="http://www.ti.com/lit/gpn/lm2575hv" />
    <text name="Description" originx="0" originy="0" style="Default" rotation="0" justify="" flipped="False" hidden="True" data="Texas Instruments, LM2575HVS-12/NOPB Step-Down Switching Regulator 1A, 1.23  57 V, 5-Pin TO-263" />
    <text name="Mouser Part Number" originx="0" originy="0" style="Default" rotation="0" justify="" flipped="False" hidden="True" data="926-LM2575HVS12NOPB" />
    <text name="Mouser Price/Stock" originx="0" originy="0" style="Default" rotation="0" justify="" flipped="False" hidden="True" data="https://www.mouser.co.uk/ProductDetail/Texas-Instruments/LM2575HVS-12-NOPB?qs=X1J7HmVL2ZEbVPlBGj9cJQ%3D%3D" />
    <text name="Manufacturer_Name" originx="0" originy="0" style="Default" rotation="0" justify="" flipped="False" hidden="True" data="Texas Instruments" />
    <text name="Manufacturer_Part_Number" originx="1350" originy="200" style="Default" rotation="0" justify="left" flipped="False" hidden="False" data="LM2575HVS-12/NOPB" />
  </component>
</quadcept_library>
