<?xml version="1.0" encoding="utf-8"?>
<!--/343820/1753220/2.50/2/2/Capacitor Polarised/-->
<quadcept_library>
  <setting unit="mil" />
  <textstyle name="Default" height="47.244094488189" strokewidth="7.8740157480315" charwidth="47.244094488189" />
  <textstyle name="Dimension" height="19.6850393700787" strokewidth="0" charwidth="19.6850393700787" />
  <textstyle name="H127W0635TH00762" height="50" strokewidth="3" charwidth="25" />
  <textstyle name="H15W15TH02" height="59.0551181102362" strokewidth="7.8740157480315" charwidth="59.0551181102362" />
  <padstyle name="r570_200" surface="True" plated="False" isvia="False" nopaste="False" nomask="True" complex="False" holesize="0">
    <padshape layer="TOP" shape="rectangle" width="78.740157480314" height="224.40944881889" />
    <padshape layer="TOP_SOLDER_MASK" shape="rectangle" width="86.614173228345" height="232.28346456693" />
    <padshape layer="TOP_SOLDER_PASTE" shape="rectangle" width="78.740157480314" height="224.40944881889" />
  </padstyle>
  <footprint name="EEEFK0J332AQ" originx="0" originy="0" pickpointx="0" pickpointy="0">
    <pcbpin number="1" name="1" style="r570_200" originx="-190.94488188976" originy="0" rotation="90" />
    <pcbpin number="2" name="2" style="r570_200" originx="190.94488188976" originy="0" rotation="90" />
    <line layer="TOP_PLACE_BOUND" originx="-377.95275590551" originy="305.11811023622" endx="334.64566929133" endy="305.11811023622" width="1.9685039370079" />
    <line layer="TOP_PLACE_BOUND" originx="334.64566929133" originy="305.11811023622" endx="334.64566929133" endy="-305.11811023622" width="1.9685039370079" />
    <line layer="TOP_PLACE_BOUND" originx="334.64566929133" originy="-305.11811023622" endx="-377.95275590551" endy="-305.11811023622" width="1.9685039370079" />
    <line layer="TOP_PLACE_BOUND" originx="-377.95275590551" originy="-305.11811023622" endx="-377.95275590551" endy="305.11811023622" width="1.9685039370079" />
    <line layer="TOP_SILKSCREEN" originx="-343.50393700787" originy="0" endx="-343.50393700787" endy="0" width="1.9685039370079" />
    <arc layer="TOP_SILKSCREEN" originx="-342.51968503937" originy="0" startangle="-180.0" sweepangle="180.0" radius="0.98425196850393" width="1.9685039370079" />
    <line layer="TOP_SILKSCREEN" originx="-341.53543307086" originy="0" endx="-341.53543307086" endy="0" width="1.9685039370079" />
    <arc layer="TOP_SILKSCREEN" originx="-342.51968503937" originy="0" startangle=".0" sweepangle="180.0" radius="0.98425196850393" width="1.9685039370079" />
    <line layer="TOP_ASSEMBLY" originx="-265.74803149606" originy="118.11023622047" endx="-118.11023622047" endy="265.74803149606" width="3.9370078740157" />
    <line layer="TOP_ASSEMBLY" originx="-118.11023622047" originy="265.74803149606" endx="265.74803149606" endy="265.74803149606" width="3.9370078740157" />
    <line layer="TOP_ASSEMBLY" originx="265.74803149606" originy="265.74803149606" endx="265.74803149606" endy="-265.74803149606" width="3.9370078740157" />
    <line layer="TOP_ASSEMBLY" originx="265.74803149606" originy="-265.74803149606" endx="-118.11023622047" endy="-265.74803149606" width="3.9370078740157" />
    <line layer="TOP_ASSEMBLY" originx="-118.11023622047" originy="-265.74803149606" endx="-265.74803149606" endy="-118.11023622047" width="3.9370078740157" />
    <line layer="TOP_ASSEMBLY" originx="-265.74803149606" originy="-118.11023622047" endx="-265.74803149606" endy="118.11023622047" width="3.9370078740157" />
    <line layer="TOP_ASSEMBLY" originx="-265.74803149606" originy="118.11023622047" endx="-118.11023622047" endy="265.74803149606" width="3.9370078740157" />
    <line layer="TOP_SILKSCREEN" originx="-265.74803149606" originy="-118.11023622047" endx="-118.11023622047" endy="-265.74803149606" width="7.8740157480314" />
    <line layer="TOP_SILKSCREEN" originx="-118.11023622047" originy="-265.74803149606" endx="265.74803149606" endy="-265.74803149606" width="7.8740157480314" />
    <line layer="TOP_SILKSCREEN" originx="265.74803149606" originy="-265.74803149606" endx="265.74803149606" endy="-118.11023622047" width="7.8740157480314" />
    <line layer="TOP_SILKSCREEN" originx="-265.74803149606" originy="118.11023622047" endx="-118.11023622047" endy="265.74803149606" width="7.8740157480314" />
    <line layer="TOP_SILKSCREEN" originx="-118.11023622047" originy="265.74803149606" endx="265.74803149606" endy="265.74803149606" width="7.8740157480314" />
    <line layer="TOP_SILKSCREEN" originx="265.74803149606" originy="265.74803149606" endx="265.74803149606" endy="118.11023622047" width="7.8740157480314" />
  </footprint>
  <symbol name="EEV-FK1V471Q" originx="0" originy="0">
    <line originx="200" originy="100" endx="200" endy="-100" width="0" />
    <line originx="230" originy="-100" endx="200" endy="-100" width="0" />
    <line originx="230" originy="-100" endx="230" endy="100" width="0" />
    <line originx="200" originy="100" endx="230" endy="100" width="0" />
    <line originx="180" originy="50" endx="140" endy="50" width="0" />
    <line originx="160" originy="70" endx="160" endy="30" width="0" />
    <line originx="100" originy="0" endx="200" endy="0" width="0" />
    <line originx="300" originy="0" endx="400" endy="0" width="0" />
    <sympin number="1" originx="100" originy="0" rotation="180" length="100" width="7.8740157480315" flipped="False">
      <text name="pinname" originx="0" originy="-10" style="Default" rotation="0" justify="upperleft" flipped="False" hidden="True" data="+" />
      <text name="pindes" originx="0" originy="10" style="Default" rotation="0" justify="lowerleft" flipped="False" hidden="False" data="1" />
    </sympin>
    <sympin number="2" originx="400" originy="0" rotation="0" length="100" width="7.8740157480315" flipped="False">
      <text name="pinname" originx="500" originy="-10" style="Default" rotation="0" justify="upperright" flipped="False" hidden="True" data="-" />
      <text name="pindes" originx="500" originy="10" style="Default" rotation="0" justify="lowerright" flipped="False" hidden="False" data="2" />
    </sympin>
    <polygon type="polygon">
      <point x="300" y="100" />
      <point x="300" y="-100" />
      <point x="270" y="-100" />
      <point x="270" y="100" />
    </polygon>
  </symbol>
  <component name="EEV-FK1V471Q" designatorprefix="C" height="590.55118110236" footprint="EEEFK0J332AQ">
    <comppin designator="1" sympin="1" pinswap="0" gateswap="0" gate="1" group="1" side="" type="Any" name="+" />
    <comppin designator="2" sympin="2" pinswap="0" gateswap="0" gate="1" group="1" side="" type="Any" name="-" />
    <attached_symbol gate="1" name="EEV-FK1V471Q" />
    <pinmap designator="1" footprintpin="1" />
    <pinmap designator="2" footprintpin="2" />
    <text name="Datasheet" originx="0" originy="0" style="Default" rotation="0" justify="" flipped="False" hidden="True" data="http://industrial.panasonic.com/cdbs/www-data/pdf/RDE0000/ABA0000C1181.pdf" />
    <text name="Description" originx="0" originy="0" style="Default" rotation="0" justify="" flipped="False" hidden="True" data="Cap Aluminum Lytic 470uF 35V 20% (12.5 X 13.5mm) SMD 0.06 Ohm 1100mA 2000h 105C Automotive T/R" />
    <text name="Mouser Part Number" originx="0" originy="0" style="Default" rotation="0" justify="" flipped="False" hidden="True" data="667-EEV-FK1V471Q" />
    <text name="Mouser Price/Stock" originx="0" originy="0" style="Default" rotation="0" justify="" flipped="False" hidden="True" data="https://www.mouser.co.uk/ProductDetail/Panasonic/EEV-FK1V471Q?qs=f%252BPvLx1Hi0nmPvz1q5bc1Q%3D%3D" />
    <text name="Manufacturer_Name" originx="0" originy="0" style="Default" rotation="0" justify="" flipped="False" hidden="True" data="Panasonic" />
    <text name="Manufacturer_Part_Number" originx="350" originy="150" style="Default" rotation="0" justify="left" flipped="False" hidden="False" data="EEV-FK1V471Q" />
  </component>
</quadcept_library>
