<?xml version="1.0" encoding="utf-8"?>
<!--/11583189/1753220/2.50/4/3/Filter/-->
<quadcept_library>
  <setting unit="mil" />
  <textstyle name="Default" height="47.244094488189" strokewidth="7.8740157480315" charwidth="47.244094488189" />
  <textstyle name="Dimension" height="19.6850393700787" strokewidth="0" charwidth="19.6850393700787" />
  <textstyle name="H127W0635TH00762" height="50" strokewidth="3" charwidth="25" />
  <textstyle name="H15W15TH02" height="59.0551181102362" strokewidth="7.8740157480315" charwidth="59.0551181102362" />
  <padstyle name="b445_152" surface="True" plated="False" isvia="False" nopaste="False" nomask="True" complex="False" holesize="0">
    <padshape layer="TOP" shape="oblong" width="59.842519685039" height="175.1968503937" />
    <padshape layer="TOP_SOLDER_MASK" shape="oblong" width="67.71653543307" height="183.07086614173" />
    <padshape layer="TOP_SOLDER_PASTE" shape="oblong" width="59.842519685039" height="175.1968503937" />
  </padstyle>
  <footprint name="PA2756NLT" originx="0" originy="0" pickpointx="0" pickpointy="0">
    <pcbpin number="1" name="1" style="b445_152" originx="-222.44094488189" originy="329.92125984252" rotation="90" />
    <pcbpin number="2" name="2" style="b445_152" originx="222.44094488189" originy="329.92125984252" rotation="90" />
    <pcbpin number="3" name="3" style="b445_152" originx="-222.44094488189" originy="-329.92125984252" rotation="90" />
    <pcbpin number="4" name="4" style="b445_152" originx="222.44094488189" originy="-329.92125984252" rotation="90" />
    <line layer="TOP_ASSEMBLY" originx="-335.03937007874" originy="385.03937007874" endx="335.03937007874" endy="385.03937007874" width="3.9370078740157" />
    <line layer="TOP_ASSEMBLY" originx="335.03937007874" originy="385.03937007874" endx="335.03937007874" endy="-385.03937007874" width="3.9370078740157" />
    <line layer="TOP_ASSEMBLY" originx="335.03937007874" originy="-385.03937007874" endx="-335.03937007874" endy="-385.03937007874" width="3.9370078740157" />
    <line layer="TOP_ASSEMBLY" originx="-335.03937007874" originy="-385.03937007874" endx="-335.03937007874" endy="385.03937007874" width="3.9370078740157" />
    <line layer="TOP_SILKSCREEN" originx="-335.03937007874" originy="385.03937007874" endx="335.03937007874" endy="385.03937007874" width="7.8740157480314" />
    <line layer="TOP_SILKSCREEN" originx="335.03937007874" originy="385.03937007874" endx="335.03937007874" endy="-385.03937007874" width="7.8740157480314" />
    <line layer="TOP_SILKSCREEN" originx="335.03937007874" originy="-385.03937007874" endx="-335.03937007874" endy="-385.03937007874" width="7.8740157480314" />
    <line layer="TOP_SILKSCREEN" originx="-335.03937007874" originy="-385.03937007874" endx="-335.03937007874" endy="385.03937007874" width="7.8740157480314" />
    <line layer="TOP_PLACE_BOUND" originx="-374.40944881889" originy="424.40944881889" endx="374.40944881889" endy="424.40944881889" width="3.9370078740157" />
    <line layer="TOP_PLACE_BOUND" originx="374.40944881889" originy="424.40944881889" endx="374.40944881889" endy="-424.40944881889" width="3.9370078740157" />
    <line layer="TOP_PLACE_BOUND" originx="374.40944881889" originy="-424.40944881889" endx="-374.40944881889" endy="-424.40944881889" width="3.9370078740157" />
    <line layer="TOP_PLACE_BOUND" originx="-374.40944881889" originy="-424.40944881889" endx="-374.40944881889" endy="424.40944881889" width="3.9370078740157" />
    <line layer="TOP_SILKSCREEN" originx="-354.33070866141" originy="329.92125984252" endx="-354.33070866141" endy="329.92125984252" width="3.9370078740157" />
    <arc layer="TOP_SILKSCREEN" originx="-356.29921259842" originy="329.92125984252" startangle=".0" sweepangle="180.0" radius="1.9685039370078" width="3.9370078740157" />
    <line layer="TOP_SILKSCREEN" originx="-358.26771653543" originy="329.92125984252" endx="-358.26771653543" endy="329.92125984252" width="3.9370078740157" />
    <arc layer="TOP_SILKSCREEN" originx="-356.29921259842" originy="329.92125984252" startangle="180.0" sweepangle="180.0" radius="1.9685039370078" width="3.9370078740157" />
  </footprint>
  <symbol name="PA2756NLT" originx="0" originy="0">
    <line originx="200" originy="100" endx="800" endy="100" width="0" />
    <line originx="800" originy="-200" endx="800" endy="100" width="0" />
    <line originx="800" originy="-200" endx="200" endy="-200" width="0" />
    <line originx="200" originy="100" endx="200" endy="-200" width="0" />
    <sympin number="1" originx="200" originy="0" rotation="180" length="100" width="7.8740157480315" flipped="False">
      <text name="pinname" originx="230" originy="0" style="Default" rotation="0" justify="left" flipped="False" hidden="False" data="N1+" />
      <text name="pindes" originx="140" originy="20" style="Default" rotation="0" justify="lowerright" flipped="False" hidden="False" data="1" />
    </sympin>
    <sympin number="2" originx="800" originy="0" rotation="0" length="100" width="7.8740157480315" flipped="False">
      <text name="pinname" originx="770" originy="0" style="Default" rotation="0" justify="right" flipped="False" hidden="False" data="N1-" />
      <text name="pindes" originx="860" originy="20" style="Default" rotation="0" justify="lowerleft" flipped="False" hidden="False" data="2" />
    </sympin>
    <sympin number="3" originx="200" originy="-100" rotation="180" length="100" width="7.8740157480315" flipped="False">
      <text name="pinname" originx="230" originy="-100" style="Default" rotation="0" justify="left" flipped="False" hidden="False" data="N2+" />
      <text name="pindes" originx="140" originy="-80" style="Default" rotation="0" justify="lowerright" flipped="False" hidden="False" data="3" />
    </sympin>
    <sympin number="4" originx="800" originy="-100" rotation="0" length="100" width="7.8740157480315" flipped="False">
      <text name="pinname" originx="770" originy="-100" style="Default" rotation="0" justify="right" flipped="False" hidden="False" data="N2-" />
      <text name="pindes" originx="860" originy="-80" style="Default" rotation="0" justify="lowerleft" flipped="False" hidden="False" data="4" />
    </sympin>
  </symbol>
  <component name="PA2756NLT" designatorprefix="FL" height="390.15748031496" footprint="PA2756NLT">
    <comppin designator="1" sympin="1" pinswap="0" gateswap="0" gate="1" group="1" side="" type="Any" name="N1+" />
    <comppin designator="2" sympin="2" pinswap="0" gateswap="0" gate="1" group="1" side="" type="Any" name="N1-" />
    <comppin designator="3" sympin="3" pinswap="0" gateswap="0" gate="1" group="1" side="" type="Any" name="N2+" />
    <comppin designator="4" sympin="4" pinswap="0" gateswap="0" gate="1" group="1" side="" type="Any" name="N2-" />
    <attached_symbol gate="1" name="PA2756NLT" />
    <pinmap designator="1" footprintpin="1" />
    <pinmap designator="2" footprintpin="2" />
    <pinmap designator="3" footprintpin="3" />
    <pinmap designator="4" footprintpin="4" />
    <text name="Datasheet" originx="0" originy="0" style="Default" rotation="0" justify="" flipped="False" hidden="True" data="" />
    <text name="Description" originx="0" originy="0" style="Default" rotation="0" justify="" flipped="False" hidden="True" data="Common Mode Chokes / Filters 484 UH 8A" />
    <text name="Mouser Part Number" originx="0" originy="0" style="Default" rotation="0" justify="" flipped="False" hidden="True" data="673-PA2756NLT" />
    <text name="Mouser Price/Stock" originx="0" originy="0" style="Default" rotation="0" justify="" flipped="False" hidden="True" data="https://www.mouser.co.uk/ProductDetail/Pulse-Electronics/PA2756NLT?qs=EU6FO9ffTwfuV3zHiQJj4A%3D%3D" />
    <text name="Manufacturer_Name" originx="0" originy="0" style="Default" rotation="0" justify="" flipped="False" hidden="True" data="PULSE" />
    <text name="Manufacturer_Part_Number" originx="850" originy="200" style="Default" rotation="0" justify="left" flipped="False" hidden="False" data="PA2756NLT" />
  </component>
</quadcept_library>
