<?xml version="1.0" encoding="utf-8"?>
<!--/19592468/1753220/2.50/4/4/Transistor/-->
<quadcept_library>
  <setting unit="mil" />
  <textstyle name="Default" height="47.244094488189" strokewidth="7.8740157480315" charwidth="47.244094488189" />
  <textstyle name="Dimension" height="19.6850393700787" strokewidth="0" charwidth="19.6850393700787" />
  <textstyle name="H127W0635TH00762" height="50" strokewidth="3" charwidth="25" />
  <textstyle name="H15W15TH02" height="59.0551181102362" strokewidth="7.8740157480315" charwidth="59.0551181102362" />
  <padstyle name="r160_150" surface="True" plated="False" isvia="False" nopaste="False" nomask="True" complex="False" holesize="0">
    <padshape layer="TOP" shape="rectangle" width="59.055118110235" height="62.992125984251" />
    <padshape layer="TOP_SOLDER_MASK" shape="rectangle" width="66.929133858267" height="70.866141732283" />
    <padshape layer="TOP_SOLDER_PASTE" shape="rectangle" width="59.055118110235" height="62.992125984251" />
  </padstyle>
  <footprint name="DPC817SBTR" originx="0" originy="0" pickpointx="0" pickpointy="0">
    <pcbpin number="1" name="1" style="r160_150" originx="-49.999999999999" originy="-181.49606299212" rotation="0" />
    <pcbpin number="2" name="2" style="r160_150" originx="49.999999999999" originy="-181.49606299212" rotation="0" />
    <pcbpin number="3" name="3" style="r160_150" originx="49.999999999999" originy="181.49606299212" rotation="0" />
    <pcbpin number="4" name="4" style="r160_150" originx="-49.999999999999" originy="181.49606299212" rotation="0" />
    <line layer="TOP_ASSEMBLY" originx="-90.551181102361" originy="-127.95275590551" endx="90.551181102361" endy="-127.95275590551" width="3.9370078740157" />
    <line layer="TOP_ASSEMBLY" originx="90.551181102361" originy="-127.95275590551" endx="90.551181102361" endy="127.95275590551" width="3.9370078740157" />
    <line layer="TOP_ASSEMBLY" originx="90.551181102361" originy="127.95275590551" endx="-90.551181102361" endy="127.95275590551" width="3.9370078740157" />
    <line layer="TOP_ASSEMBLY" originx="-90.551181102361" originy="127.95275590551" endx="-90.551181102361" endy="-127.95275590551" width="3.9370078740157" />
    <line layer="TOP_PLACE_BOUND" originx="-129.92125984252" originy="252.36220472441" endx="129.92125984252" endy="252.36220472441" width="3.9370078740157" />
    <line layer="TOP_PLACE_BOUND" originx="129.92125984252" originy="252.36220472441" endx="129.92125984252" endy="-252.36220472441" width="3.9370078740157" />
    <line layer="TOP_PLACE_BOUND" originx="129.92125984252" originy="-252.36220472441" endx="-129.92125984252" endy="-252.36220472441" width="3.9370078740157" />
    <line layer="TOP_PLACE_BOUND" originx="-129.92125984252" originy="-252.36220472441" endx="-129.92125984252" endy="252.36220472441" width="3.9370078740157" />
    <line layer="TOP_SILKSCREEN" originx="-90.551181102361" originy="-127.95275590551" endx="-90.551181102361" endy="127.95275590551" width="7.8740157480314" />
    <line layer="TOP_SILKSCREEN" originx="-90.551181102361" originy="127.95275590551" endx="90.551181102361" endy="127.95275590551" width="7.8740157480314" />
    <line layer="TOP_SILKSCREEN" originx="90.551181102361" originy="127.95275590551" endx="90.551181102361" endy="-127.95275590551" width="7.8740157480314" />
    <line layer="TOP_SILKSCREEN" originx="90.551181102361" originy="-127.95275590551" endx="-90.551181102361" endy="-127.95275590551" width="7.8740157480314" />
    <line layer="TOP_SILKSCREEN" originx="-49.999999999999" originy="-232.28346456693" endx="-49.999999999999" endy="-232.28346456693" width="3.9370078740157" />
    <arc layer="TOP_SILKSCREEN" originx="-49.999999999999" originy="-230.31496062992" startangle="-90.0" sweepangle="180.0" radius="1.9685039370079" width="3.9370078740157" />
    <line layer="TOP_SILKSCREEN" originx="-49.999999999999" originy="-228.34645669291" endx="-49.999999999999" endy="-228.34645669291" width="3.9370078740157" />
    <arc layer="TOP_SILKSCREEN" originx="-49.999999999999" originy="-230.31496062992" startangle="90.0" sweepangle="180.0" radius="1.9685039370079" width="3.9370078740157" />
    <line layer="TOP_SILKSCREEN" originx="-49.999999999999" originy="-232.28346456693" endx="-49.999999999999" endy="-232.28346456693" width="3.9370078740157" />
    <arc layer="TOP_SILKSCREEN" originx="-49.999999999999" originy="-230.31496062992" startangle="-90.0" sweepangle="180.0" radius="1.9685039370079" width="3.9370078740157" />
  </footprint>
  <symbol name="DPC817S-B-TR" originx="0" originy="0">
    <line originx="200" originy="100" endx="600" endy="100" width="0" />
    <line originx="600" originy="-200" endx="600" endy="100" width="0" />
    <line originx="600" originy="-200" endx="200" endy="-200" width="0" />
    <line originx="200" originy="100" endx="200" endy="-200" width="0" />
    <sympin number="1" originx="200" originy="-100" rotation="180" length="100" width="7.8740157480315" flipped="False">
      <text name="pinname" originx="230" originy="-100" style="Default" rotation="0" justify="left" flipped="False" hidden="False" data="A" />
      <text name="pindes" originx="140" originy="-80" style="Default" rotation="0" justify="lowerright" flipped="False" hidden="False" data="1" />
    </sympin>
    <sympin number="2" originx="600" originy="-100" rotation="0" length="100" width="7.8740157480315" flipped="False">
      <text name="pinname" originx="570" originy="-100" style="Default" rotation="0" justify="right" flipped="False" hidden="False" data="K" />
      <text name="pindes" originx="660" originy="-80" style="Default" rotation="0" justify="lowerleft" flipped="False" hidden="False" data="2" />
    </sympin>
    <sympin number="3" originx="600" originy="0" rotation="0" length="100" width="7.8740157480315" flipped="False">
      <text name="pinname" originx="570" originy="0" style="Default" rotation="0" justify="right" flipped="False" hidden="False" data="E" />
      <text name="pindes" originx="660" originy="20" style="Default" rotation="0" justify="lowerleft" flipped="False" hidden="False" data="3" />
    </sympin>
    <sympin number="4" originx="200" originy="0" rotation="180" length="100" width="7.8740157480315" flipped="False">
      <text name="pinname" originx="230" originy="0" style="Default" rotation="0" justify="left" flipped="False" hidden="False" data="C" />
      <text name="pindes" originx="140" originy="20" style="Default" rotation="0" justify="lowerright" flipped="False" hidden="False" data="4" />
    </sympin>
  </symbol>
  <component name="DPC817S-B-TR" designatorprefix="Q" height="161.41732283464" footprint="DPC817SBTR">
    <comppin designator="1" sympin="1" pinswap="0" gateswap="0" gate="1" group="1" side="" type="Any" name="A" />
    <comppin designator="2" sympin="2" pinswap="0" gateswap="0" gate="1" group="1" side="" type="Any" name="K" />
    <comppin designator="3" sympin="3" pinswap="0" gateswap="0" gate="1" group="1" side="" type="Any" name="E" />
    <comppin designator="4" sympin="4" pinswap="0" gateswap="0" gate="1" group="1" side="" type="Any" name="C" />
    <attached_symbol gate="1" name="DPC817S-B-TR" />
    <pinmap designator="1" footprintpin="1" />
    <pinmap designator="2" footprintpin="2" />
    <pinmap designator="3" footprintpin="3" />
    <pinmap designator="4" footprintpin="4" />
    <text name="Datasheet" originx="0" originy="0" style="Default" rotation="0" justify="" flipped="False" hidden="True" data="https://www.diodes.com/assets/Datasheets/DPC817-Series.pdf" />
    <text name="Description" originx="0" originy="0" style="Default" rotation="0" justify="" flipped="False" hidden="True" data="Transistor Output Optocouplers Photo Coupler SL-4 T&amp;R 2K" />
    <text name="Mouser Part Number" originx="0" originy="0" style="Default" rotation="0" justify="" flipped="False" hidden="True" data="621-DPC817S-B-TR" />
    <text name="Mouser Price/Stock" originx="0" originy="0" style="Default" rotation="0" justify="" flipped="False" hidden="True" data="https://www.mouser.co.uk/ProductDetail/Diodes-Incorporated/DPC817S-B-TR?qs=mELouGlnn3flLY5LctX6TA%3D%3D" />
    <text name="Manufacturer_Name" originx="0" originy="0" style="Default" rotation="0" justify="" flipped="False" hidden="True" data="Diodes Incorporated" />
    <text name="Manufacturer_Part_Number" originx="650" originy="200" style="Default" rotation="0" justify="left" flipped="False" hidden="False" data="DPC817S-B-TR" />
  </component>
</quadcept_library>
